key,date,c_type,c_title,c_isn,c_isn_valid,c_publisher_std,c_publisher_major,c_apc_model,c_apc_value,c_apc_currency,c_indexing,e_type,e_date,t_update,t_regenerate,t_certainly,t_langmod,t_access,t_first_person,t_second_person,t_recent
a2023,2023-12-14,Conference,Intelligent Computing and Control for Engineering and Business Systems,9798350394580,Confirmed,IEEE,1,NA,NA,NA,NA,NA,NA,0,0,1,0,0,0,0,0
aarati2024,2024-01,Journal,International Journal of Computer Networks and Wireless Communications,2250-3501,Confirmed,NA,0,Full,230,USD,NA,NA,NA,0,0,0,1,0,1,0,0
abbas2023,2023-06,Conference,International Conference on Pervasive Computing and Social Networking,9798350322842,Confirmed,IEEE,1,NA,NA,NA,NA,NA,NA,0,0,1,0,0,0,0,0
abdullah2023,2023-07-11,Journal,Journal of Sustainable Technologies and Infrastructure Planning,None,No ISSN,NA,0,Unknown,NA,NA,NA,NA,NA,0,0,1,0,0,0,1,0
abdullah2024,2024-06-05,Journal,Pakistan Journal of Statistics and Operation Research,1816-2711,Confirmed,NA,0,None,NA,NA,Scopus; Web of Science,NA,NA,0,0,1,0,0,0,0,0
abdumominov2023,2023-06-06,Journal,International Bulletin of Engineering and Technology,2770-9124,Confirmed,NA,0,Unknown,NA,NA,NA,NA,NA,0,0,0,1,0,1,0,0
abdurazoqqizi2023,2023-06-24,Journal,Journal of New Century Innovations,2181-368X,Confirmed,NA,0,Unknown,NA,NA,NA,NA,NA,0,0,1,0,0,0,0,0
abubakar2023,2023-08-24,Journal,"Journal of Poverty, Investment and Development",2520-5196,Refers to different journal,NA,0,Full,150,USD,NA,NA,NA,0,0,1,0,0,0,0,0
acharya2023,2023-08-15,Journal,Researcher CAB,2392-4063,Confirmed,NA,0,Unknown,NA,NA,NA,NA,NA,0,1,0,0,0,0,0,0
admojo2023,2023-10-03,Journal,Knowledge Engineering and Data Science,2597-4637,Confirmed,NA,0,Full,2000000,IDR,DOAJ,NA,NA,1,0,0,0,0,0,0,1
affum2023,2023-07,Journal,Library Philosophy and Practice,1522-0222,Confirmed,NA,0,Unknown,NA,NA,ProQuest,NA,NA,0,0,0,1,1,1,1,0
agalave2023,2023-10-30,Journal,"International Journal of Scientific Research in Computer Science, Engineering and Information Technology",2456-3307,Confirmed,NA,0,Full,45,USD,Dimensions,NA,NA,1,0,0,0,0,1,0,0
aggarwal2023,2023-09,Journal,China Petroleum Processing and Petrochemical Technology,1008-6234,Confirmed,NA,0,Full,10000,THB,Scopus,NA,NA,1,0,0,0,0,1,0,0
aggarwal2023a,2023-11-23,Conference,International Conference on Recent Advances in Science and Engineering Technology,9798350306927,Confirmed,IEEE,1,NA,NA,NA,NA,NA,NA,0,0,1,0,0,0,0,0
ahammad2023,2023-06,Journal,International Journal of English and Studies,2581-8333,Confirmed,NA,0,Full,200,USD,NA,NA,NA,0,0,1,0,0,0,0,0
ahmad2023,2023-05-30,Journal,Jurnal Ilmiah Wahana Pendidikan,2622-8327,Confirmed,NA,0,Full,NA,NA,NA,NA,NA,0,1,0,0,0,0,0,0
ahmad2023a,2023-03-21,Journal,PalArch's Journal of Archaeology of Egypt,1567-214X,Confirmed,NA,0,Unknown,NA,NA,Scopus,NA,NA,0,0,1,0,0,0,0,0
ahmed2021,2021-06-01,Journal,International Journal of Modern Agriculture and Environment,2974-4407,Confirmed,NA,0,Full,NA,NA,Dimensions,NA,NA,1,0,0,1,1,1,1,1
akbar2024,2024-01-19,Journal,Migration Letters,1741-8992,Confirmed,NA,0,Full,800,USD,Scopus (discontinued); ProQuest,NA,NA,0,1,0,0,0,0,0,0
akhmedova2024,2024-02-16,Journal,Journal of Research and Innovation,2181-4058,Confirmed,NA,0,Unknown,NA,NA,NA,NA,NA,0,0,1,0,0,0,0,0
akhter2023,2023-09-01,Journal,Natural Language Processing Journal,2949-7191,Confirmed,Elsevier,1,Full,1700,USD,DOAJ,Stealth revision,NA,0,1,0,0,0,0,0,0
akram2023,2023-08-26,Journal,Journal of Policy Research,2410-8162,Confirmed,NA,0,Full,200,USD,NA,NA,NA,1,0,0,0,0,1,0,0
al-otaibi2023,2023-01-20,Journal,Neuropsychopharmacologia Hungarica,1419-8711,Refers to different journal,NA,0,Unknown,NA,NA,NA,NA,NA,0,0,1,0,0,0,1,0
al-qahtani2023,2023-11-12,Journal,Environmental Technology,0959-3330,Confirmed,Taylor & Francis,1,Hybrid,3300,USD,Medline; Web of Science; Scopus,NA,NA,0,0,1,0,0,0,0,0
aleksandrovna2023,2023,Journal,E-Scio,2658-6924,Confirmed,NA,0,Unknown,NA,NA,NA,NA,NA,0,0,0,1,0,1,0,0
ali2023,2023-12-31,Journal,Pakistan Research Letter,3006-7960,Confirmed,NA,0,Full,20000,PKR,NA,NA,NA,1,0,0,0,0,1,0,1
ali2023a,2023-12-25,Journal,Journal of Arts & Social Sciences,2414-8512,Confirmed,NA,0,Full,10000,PKR,NA,NA,NA,1,0,0,0,0,1,0,0
ali2023b,2023-06-25,Journal,Tahdzib Al-Akhlaq,2721-2521,Confirmed,NA,0,Full,500000,IDR,NA,NA,NA,0,0,1,0,0,0,0,0
alisoy2023,2023-11-13,Journal,Norwegian Journal of Development of the International Science,3453-9875,Invalid,NA,0,Full,32,EUR,NA,NA,NA,0,0,1,0,0,0,0,0
almilaibary2024,2024-03,Journal,Saudi Journal of Biological Sciences,1319-562X,Confirmed,Elsevier,1,Full,1490,USD,Web of Science; DOAJ; Scopus; PubMed Central; Medline,NA,NA,1,0,0,0,0,1,0,1
almoteri2023,2023-03-15,Journal,Electronic Research Archive,2688-1594,Confirmed,NA,0,Full,1000,USD,DOAJ; Scopus; Web of Science; Dimensions,NA,NA,0,1,0,0,0,0,0,0
alsagri2024,2024-06-01,Journal,Process Safety and Environmental Protection,0957-5820,Confirmed,NA,0,Hybrid,3450,USD,Web of Science; Scopus,NA,NA,0,0,1,0,0,0,0,0
alsaif2024,2024-01-30,Journal,Optical and Quantum Electronics,1572-817X,Confirmed,Springer,1,Hybrid,3090,USD,Web of Science; Scopus; ProQuest; Dimensions,NA,NA,1,0,0,0,0,1,1,0
alsharabi2023,2023-11-12,Journal,Journal of Amran University,2790-4989,Confirmed,NA,0,Unknown,NA,NA,NA,NA,NA,1,0,0,0,0,1,0,1
amadi2022,2022-04-12,Journal,International Journal of Transportation Engineering and Traffic System,2456-2343,Confirmed,NA,0,Unknown,NA,NA,NA,NA,NA,0,1,0,0,0,0,0,0
ameen2023,2023,Journal,Russian Law Journal,2309-8678,Confirmed,NA,0,None,NA,NA,Scopus (discontinued); Web of Science,NA,NA,0,1,0,0,0,0,0,0
andriivna2023,2023-09-18,Journal,Scientific Innovations and Advanced Technologies,2786-5274,Confirmed,NA,0,Full,85,USD,NA,NA,NA,0,0,1,0,0,0,0,0
anitha2024,2024-02-01,Journal,Clinical Chimica Acta,0009-8981,Confirmed,Elsevier,1,Hybrid,3330,USD,Scopus; Medline; Web of Science,NA,NA,1,0,0,0,0,1,0,0
ansari2024,2024-01-19,Journal,Waste Management Bulletin,2949-7507,Confirmed,Elsevier,1,Full,2000,USD,DOAJ,NA,NA,0,0,1,0,0,0,0,0
anusha2023,2023-07-20,Journal,International Research Journal of Modernization in Engineering Technology and Science,2582-5208,Confirmed,NA,0,Full,23,USD,Dimensions,NA,NA,1,0,0,1,1,1,0,1
arsh2024,2024-01-03,Journal,Annals of Medicine & Surgery,2049-0801,Confirmed,Wolters Kluwer,1,Full,1950,USD,PubMed Central; Web of Science; Scopus (discontinued),Corrigendum,2024-09-04,1,0,0,0,0,1,0,0
arun2023,2023-05,Journal,International Journal of Advances in Engineering and Management,2395-5252,Provisional,NA,0,Full,25,USD,NA,NA,NA,0,1,0,0,0,0,0,0
ashreetha2024,2024-02-25,Conference,International Conference on Emergent Converging Technologies and Biomedical Systems,978-981-9986-46-0,Confirmed,Springer,1,NA,NA,NA,NA,NA,NA,0,0,1,0,0,0,0,0
ashshiddiqi2023,2023-12-12,Journal,Jurnal Dialektika,2828-545X,Confirmed,NA,0,Full,350000,IDR,NA,NA,NA,0,0,1,0,0,0,0,0
avinash2023,2023-09-19,Journal,Journal of Population Therapeutics & Clinical Pharmacology,2561-8741,Confirmed,NA,0,Full,850,USD,Dimensions; Medline (discontinued); Web of Science; Scopus (discontinued); Embase,NA,NA,1,0,0,0,0,1,0,1
aygun2023,2023-06-30,Journal,Celal Bayar Üniversitesi Sağlık Bilimleri Enstitüsü Dergisi,2147-9607,Confirmed,NA,0,None,NA,NA,NA,NA,NA,0,1,0,0,0,0,0,0
aysara2023,2023-09-05,Journal,"American Journal of Language, Literacy and Learning in STEM Education",2993-2769,Confirmed,NA,0,Unknown,NA,NA,NA,NA,NA,1,0,0,0,0,1,0,0
azevedo2024,2024-01-31,Journal,Contribuciones a las Ciencias Sociales,1988-7833,Confirmed,NA,0,Full,650,BRL,NA,NA,NA,0,1,0,0,0,0,0,0
babikian2018,2018-01-23,Journal,International Journal of Advanced Engineering Technologies and Innovations,None,No ISSN,NA,0,Unknown,NA,NA,NA,NA,NA,1,0,0,0,0,1,0,0
bader2024,2024-03-08,Journal,Radiology Case Reports,1930-0433,Confirmed,Elsevier,1,Full,550,USD,DOAJ; Scopus; PubMed Central,Retraction,2024-05-02,0,0,0,1,1,1,0,0
bakhodirovna2024,2024-03-15,Conference,International Scientific and Practical Conference,None,No ISSN,NA,0,NA,NA,NA,NA,NA,NA,0,0,1,0,0,0,0,0
bakhtiyorovna2024,2024-03-11,Journal,European Journal of Business Startups and Open Society,2795-9228,Unreported record,NA,0,Unknown,NA,NA,NA,NA,NA,1,0,0,0,1,1,0,0
banerjee2023,2023-12-29,Conference,"International Conference on Smart Generation Computing, Communication and Networking",9798350319125,Confirmed,IEEE,1,NA,NA,NA,NA,NA,NA,0,0,1,0,0,0,1,0
batool2023,2023-10-30,Journal,Biological and Clinical Sciences Research Journal,2708-2261,Confirmed,NA,0,Full,180,USD,NA,NA,NA,1,0,0,0,1,1,0,0
battula2024,2024-04-17,Conference,International Conference on Cognitive Robitics and Intelligent Systems,9798350372748,Confirmed,IEEE,1,NA,NA,NA,NA,NA,NA,1,0,0,0,0,1,0,0
baybekova2024,2024-02-29,Journal,"Eurasian Journal of Law, Finance and Applied Sciences",2181-2853,Confirmed,NA,0,Unknown,NA,NA,NA,NA,NA,0,0,1,0,0,0,0,0
baydjanova2024,2024-03-24,Journal,News of the NUUz,2181-7324,Confirmed,NA,0,Full,200000,UZS,NA,NA,NA,0,0,1,0,0,0,0,0
ben2023,2023-08-06,Journal,International Journal of Open Publication and Exploration,3006-2853,Confirmed,NA,0,Unknown,NA,NA,NA,NA,NA,1,0,0,0,0,1,0,1
berrahal2023,2023-09-16,Conference,International Conference on Decision Aid Sciences and Applications,9798350342055,Confirmed,IEEE,1,NA,NA,NA,NA,NA,NA,0,0,0,1,1,1,1,0
besekar2023,2023-08,Journal,International Journal of Novel Research and Development,2456-4184,Confirmed,NA,0,Full,59,USD,NA,NA,NA,0,0,1,0,0,0,0,0
bhagyamma2023,2023-08-28,Journal,Law and Social Policy Review,2583-8180,Provisional,NA,0,Full,350,INR,NA,NA,NA,1,0,0,0,0,1,0,0
bhardwaj2023,2023-07-15,Journal,"International Journal of Fine, Performing and Visual Arts",3006-6581,Confirmed,NA,0,Unknown,NA,NA,NA,NA,NA,0,0,1,0,0,0,0,0
bhattacharjee2024,2024,Journal,International Journal of Social Impact,2455-670X,Confirmed,NA,0,Unknown,NA,NA,NA,NA,NA,1,0,0,0,0,1,0,1
bhole2023,2023-10-01,Journal,Bioorganic Chemistry,0045-2068,Confirmed,Elsevier,1,Hybrid,4100,USD,Scopus; Medline; Web of Science,NA,NA,1,0,0,0,0,1,0,1
bhomia2019,2019,Journal,The Pharma Innovation Journal,2277-7695,Confirmed,NA,0,Full,75,USD,NA,NA,NA,1,0,0,0,0,1,0,0
bhushan2023,2023,Journal,Russian Law Journal,2309-8678,Confirmed,NA,0,None,NA,NA,Scopus (discontinued); Web of Science,NA,NA,1,0,0,0,0,1,0,0
bimba2024,2024-03-26,Journal,International Journal of Intelligent Systems and Applications in Engineering,2147-6799,Confirmed,NA,0,Full,600,USD,Scopus,NA,NA,1,0,0,0,0,1,0,0
bird2019,2019-01-06,Journal,International Journal of Open Publication and Exploration,3006-2853,Confirmed,NA,0,Unknown,NA,NA,NA,NA,NA,1,0,0,0,0,1,0,1
borase2023,2023-12-22,Journal,EPRA International Journal of Research and Development,2455-7838,Confirmed,NA,0,Full,80,USD,Dimensions,NA,NA,1,0,0,0,0,1,0,1
bozic2024,2024-06-30,Journal,International Journal of Digital Health & Patient Care,3023-851X,Unreported record,NA,0,None,NA,NA,NA,NA,NA,1,0,0,0,0,1,0,0
buchroni2023,2023-05-07,Journal,JALADRI,2548-2106,Confirmed,NA,0,Full,200000,IDR,Dimensions,NA,NA,0,1,0,0,0,0,0,0
bukhari2024,2024-02-13,Journal,Remittances Review,2059-6588,Confirmed,NA,0,Full,800,USD,NA,NA,NA,0,0,1,0,0,0,0,0
castro2023,2023-08-01,Journal,Die Dermatologie,2731-7013,Confirmed,Springer,1,Hybrid,3290,USD,Dimensions; Embase; Medline; ProQuest; Scopus; Web of Science,NA,NA,1,0,0,0,0,1,0,0
catali2023,2023-06-20,Conference,Iberian Conference on Information Systems and Technologies,978-989-33-4792-8,Confirmed,IEEE,1,NA,NA,NA,NA,NA,NA,0,1,0,0,0,0,0,0
chakraborty2023,2023-08-14,Journal,Journal for ReAttach Therapy and Developmental Diversities,2589-7799,Confirmed,NA,0,Full,879,USD,Scopus (discontinued); Dimensions,NA,NA,0,0,1,0,0,0,0,0
chandana2023,2023-07-21,Journal,Journal of Autonomous Intelligence,2630-5046,Confirmed,NA,0,Full,1500,USD,Scopus,NA,NA,0,0,1,0,0,0,0,0
chang2024,2024-01-01,Journal,IEEE Access,2169-3536,Confirmed,IEEE,1,Full,1995,USD,Scopus; Web of Science; Dimensions; DOAJ,NA,NA,0,0,1,0,0,0,0,0
charanbir2023,2023-12-05,Journal,Asian Journal of Engineering and Applied Technology,2249-068X,Confirmed,NA,0,Full,50,USD,NA,NA,NA,0,0,1,0,0,0,0,0
chatterjee2024,2024-07,Journal,International Journal of Current Science,2250-1770,Confirmed,NA,0,Full,55,USD,NA,NA,NA,1,0,0,0,0,1,0,1
chaudhary2023,2023-11,Journal,Anusandhan,2581-9968,Confirmed,NA,0,Unknown,NA,NA,NA,NA,NA,1,0,0,0,0,1,0,1
chaudhary2024,2024-01-08,Journal,Cureus,2168-8184,Confirmed,Springer,1,Hybrid,1300,USD,PubMed Central; Web of Science,NA,NA,0,0,1,0,0,0,0,0
chotibuddin2023,2023-09-16,Journal,International Journal of Advanced Engineering and Management Research,2456-3676,Confirmed,NA,0,Full,75,USD,NA,NA,NA,1,0,0,0,0,1,0,0
choudhary2024,2024-02-09,Conference,"International Conference on Computing, Power and Communication Technologies",9798350383546,Confirmed,IEEE,1,NA,NA,NA,NA,NA,NA,1,0,0,0,1,1,0,0
chouhan2024,2024,Journal,World Journal of Pharmaceutical Research,2277-7105,Confirmed,NA,0,Full,50,USD,Dimensions,NA,NA,0,1,0,0,0,0,0,0
chudasama2023,2023,Journal,Samvad E-Journal,2583-8334,Provisional,NA,0,Full,1000,INR,NA,NA,NA,0,0,1,0,0,0,0,0
conde2024,2024-03-13,Journal,Revista Jurídica Portucalense,2183-5705,Confirmed,NA,0,None,NA,NA,DOAJ; Scopus; Web of Science,NA,NA,1,0,0,0,0,1,0,0
dahiya2023,2023-09-15,Conference,"International Conference on Energy, Power, and Electrical Engineering",9798350318180,Confirmed,IEEE,1,NA,NA,NA,NA,NA,NA,1,0,0,0,0,1,1,0
dalal2022,2022-08-05,Journal,International Journal of Research Radicals in Multidisciplinary Fields,2960-043X,Confirmed,NA,0,Unknown,NA,NA,NA,NA,NA,1,0,0,0,0,1,0,1
dalili2023,2023-10-28,Journal,Science Set Journal of Medical and Clinical Case Studies,None,No ISSN,NA,0,Full,2619,USD,NA,NA,NA,0,0,1,0,0,0,0,0
damian2023,2023-07-26,Journal,"Global Scientific and Academic Research Journal of Economics, Business and Management",2583-5645,Provisional,NA,0,Full,50,USD,NA,NA,NA,1,0,0,0,0,1,0,1
das2024,2024,Journal,International Journal of Social Impact,2455-670X,Confirmed,NA,0,Unknown,NA,NA,NA,NA,NA,0,0,1,0,0,0,1,0
davis2021,2021-07-07,Journal,International Journal of Open Publication and Exploration,3006-2853,Confirmed,NA,0,Unknown,NA,NA,NA,NA,NA,1,0,0,0,0,1,0,1
devachand2023,2023-12-24,Journal,International Research Journal of Modernization in Engineering Technology and Science,2582-5208,Confirmed,NA,0,Full,23,USD,Dimensions,NA,NA,0,0,1,0,0,0,0,0
dhingra2023,2023-10,Journal,Plant Archives,0972-5210,Confirmed,NA,0,Unknown,NA,NA,NA,NA,NA,1,0,0,0,0,1,0,1
dilora2023,2023-12-16,Journal,Uz-Conferences,None,No ISSN,NA,0,Unknown,NA,NA,NA,NA,NA,1,0,0,0,1,1,0,0
djalilov2023,2023-06-10,Journal,Bulletin of Students of New Uzbekistan,2181-449X,Confirmed,NA,0,Unknown,NA,NA,NA,NA,NA,0,0,1,0,0,0,0,0
doni2023,2023-12-07,Conference,International Conference on Emerging Research in Computational Science,9798350359763,Confirmed,IEEE,1,NA,NA,NA,NA,NA,NA,0,0,1,0,0,0,0,0
doyah2024,2024-03-31,Journal,NIU Journal of Humanities,2415-0843,Confirmed,NA,0,Unknown,NA,NA,NA,NA,NA,1,0,0,0,1,1,1,0
dubey2022,2022-08,Journal,International Journal of Economic Perspectives,1307-1637,Confirmed,NA,0,Full,100,USD,Scopus (discontinued),NA,NA,1,0,0,0,1,1,1,1
dutta2023,2023-11-23,Conference,International Conference on Recent Advances in Science and Engineering Technology,9798350306927,Confirmed,IEEE,1,NA,NA,NA,NA,NA,NA,0,0,1,0,0,1,0,0
eghbalian2024,2024-02,Journal,International Journal of Urban Management and Energy Sustainability,2538-1636,Confirmed,NA,0,Full,15000000,IRR,NA,NA,NA,1,0,0,0,0,1,0,0
el-hermisy2021,2021-06-01,Journal,International Journal of Modern Agriculture and Environment,2974-4407,Confirmed,NA,0,Full,NA,NA,Dimensions,NA,NA,1,0,0,1,1,1,1,1
el-turkey2021,2021-06-01,Journal,International Journal of Modern Agriculture and Environment,2974-4407,Confirmed,NA,0,Full,NA,NA,Dimensions,NA,NA,1,0,0,1,1,1,1,1
elumalai2024,2024-06-15,Journal,International Journal of Research and Analysis in Commerce and Management,2583-6285,Provisional,NA,0,Unknown,NA,NA,NA,NA,NA,1,0,0,0,0,1,0,0
erick2023,2023-12-19,Journal,EPH - International Journal of Science and Engineering,2454-2016,Confirmed,NA,0,Full,1500,USD,NA,NA,NA,0,0,1,0,0,0,0,0
ezzameli2023,2023-11-01,Journal,Information Fusion,1566-2535,Confirmed,Elsevier,1,Full,4600,USD,Web of Science; Scopus,"Stealth revision, Corrigendum",2024-05-01,0,1,0,0,0,0,0,0
fanosh2024,2024-02-29,Journal,Indonesian Journal of Innovation and Applied Sciences,2775-4162,Confirmed,NA,0,None,NA,NA,DOAJ; Dimensions,NA,NA,1,0,0,0,0,1,0,1
farag2023,2023-12-01,Journal,Geoenergy Science and Engineering,2949-8910,Confirmed,Elsevier,1,Hybrid,3530,USD,Web of Science; Scopus,NA,NA,1,0,0,0,0,1,0,0
fayzulloyevna2023,2023-12-08,Journal,Journal of Advanced Zoology,0253-7214,Confirmed,NA,0,Full,999,USD,Web of Science; Scopus (discontinued); Dimensions,NA,NA,0,0,0,1,1,1,1,0
fei2023,2023-05-12,Conference,IEEE Data Driven Control and Learning Systems Conference,9798350321050,Confirmed,IEEE,1,NA,NA,NA,NA,NA,NA,0,1,0,0,0,0,0,0
feng2024,2024-03-26,Journal,Journal of Law and Sustainable Development,2764-4170,Confirmed,NA,0,Full,260,USD,Scopus (discontinued),NA,NA,0,0,1,0,0,0,1,0
feroze2023,2023-09-18,Journal,Maayan International Journal of Business and Management Studies,2584-1580,Provisional,NA,0,Unknown,NA,NA,NA,NA,NA,1,0,0,0,0,1,0,0
feruza2024,2024-03-27,Journal,Holders of Reason,None,No ISSN,NA,0,Unknown,NA,NA,NA,NA,NA,0,0,1,0,0,0,0,0
firdaus2023,2023-10-27,Journal,Audito Comparative Law Journal,2723-2476,Confirmed,NA,0,Full,500,IDR,DOAJ; Dimensions,NA,NA,0,0,1,0,0,0,0,0
francis2024,2024-02-19,Journal,Asian Journal of Multidisciplinary Research & Review,2582-8088,Provisional,NA,0,Full,50,USD,NA,NA,NA,1,0,0,0,0,1,0,0
gabor2024,2024-04-12,Journal,Advanced Logistic Systems,1789-2198,Confirmed,NA,0,None,NA,NA,NA,NA,NA,0,0,1,0,0,0,0,0
gaikwad2024,2024,Journal,Journal of Technology,1012-3407,Refers to different journal,NA,0,Full,NA,NA,NA,NA,NA,1,0,0,0,0,1,1,0
galhotra2023,2023-09,Journal,Open Access Research Journal of Engineering and Technology,2783-0128,Confirmed,NA,0,Full,32,USD,NA,NA,NA,1,0,0,0,0,1,0,1
gang2016,2016-01-02,Journal,International Journal of Open Publication and Exploration,3006-2853,Confirmed,NA,0,Unknown,NA,NA,NA,NA,NA,1,0,0,0,0,1,0,0
garcia2018,2018-05-21,Journal,International Journal of Transcontinental Discoveries,3006-628X,Confirmed,NA,0,Unknown,NA,NA,NA,NA,NA,1,0,0,0,0,1,0,1
gatell2024,2024-01-01,Journal,European Research on Management and Business Economics,2444-8834,Confirmed,Elsevier,1,Full,1350,USD,Web of Science; Scopus; DOAJ,NA,NA,1,0,0,0,0,0,0,0
gerilovych2024,2024-03-06,Journal,One Health Journal,2786-7439,Confirmed,NA,0,Unknown,NA,NA,NA,NA,NA,1,0,0,0,0,1,0,0
ghazi2024,2024,Journal,Journal of Human Sport and Exercise,1988-5202,Confirmed,NA,0,Full,200,EUR,Scopus; Web of Science; DOAJ,NA,NA,1,0,0,0,0,1,0,1
ghazy2022,2022-12-01,Journal,International Journal of Advances Engineering and Civil Research,2974-4385,Confirmed,NA,0,Full,NA,NA,Dimensions,NA,NA,0,0,0,1,1,1,1,1
ghosh2023,2023-09-23,Journal,Brainwave,2582-659X,Confirmed,NA,0,None,NA,NA,NA,NA,NA,1,0,0,0,0,1,0,1
gosavi2023,2023-05-07,Journal,"International Journal of Scientific Research in Computer Science, Engineering and Information Technology",2456-3307,Confirmed,NA,0,Full,45,USD,Dimensions,NA,NA,0,0,0,1,0,1,1,0
goud2024,2024-01,Journal,International Journal of Multidisciplinary Engineering in Current Research,2456-4265,Confirmed,NA,0,Full,50,USD,NA,NA,NA,1,0,0,0,0,1,1,1
gowrigari2023,2023-09-03,Journal,International Journal of New Media Studies,2394-4331,Confirmed,NA,0,Full,70,USD,NA,NA,NA,1,0,0,0,0,1,0,0
guo2024,2024-02-13,Journal,Frontiers in Cell and Developmental Biology,2296-634X,Confirmed,Frontiers,1,Full,3495,USD,Web of Science; PubMed Central; Scopus; DOAJ,Retraction,2024-02-16,0,0,0,0,0,0,0,0
guo2024a,2024-04-01,Journal,International Journal of Applied Earth Observation and Geoinformation,1569-8432,Confirmed,Elsevier,1,Full,3020,USD,Scopus; DOAJ; Web of Science,NA,NA,0,0,1,0,0,0,0,0
guo2024b,2024-01-08,Journal,IET Image Processing,1751-9667,Confirmed,Wiley,1,Full,2610,USD,Web of Science; DOAJ; Scopus,NA,NA,0,0,1,0,0,0,0,0
gupta2021,2021-02-05,Journal,International Journal of New Media Studies,2394-4331,Confirmed,NA,0,Full,70,USD,NA,NA,NA,0,0,1,0,0,0,1,0
gupta2023,2023-12-23,Journal,International Journal of Innovative Science and Research Technology,2456-2165,Confirmed,NA,0,Full,50,USD,NA,NA,NA,1,0,0,0,0,1,0,0
gupta2023a,2023-04-30,Journal,European International Journal of Pedagogics,2751-000X,Confirmed,NA,0,Full,100,USD,NA,NA,NA,0,0,0,1,1,1,0,0
gupta2023b,2023-08-10,Journal,Rivista Italiana di Filosofia Analitica Junior,2037-4445,Refers to different journal,NA,0,Unknown,NA,NA,NA,NA,NA,0,1,0,0,0,0,0,0
gupta2023c,2023-05-16,Journal,International Research Journal of Modernization in Engineering Technology and Science,2582-5208,Confirmed,NA,0,Full,23,USD,Dimensions,NA,NA,0,0,1,0,0,0,0,0
gupta2023d,2023-12-04,Conference,Conference of the Oriental COCOSDA International Committee for the Co-ordination and Standardisation of Speech Databases and Assessment Techniques,9798350344028,Confirmed,IEEE,1,NA,NA,NA,NA,NA,NA,0,0,1,0,0,0,0,0
gupta2024,2024-05-09,Journal,Multidisciplinary Science Journal,2675-1240,Confirmed,NA,0,Full,500,USD,NA,NA,NA,0,0,1,0,0,0,1,0
h2023,2023-03,Journal,Seshadripuram Journal of Social Sciences,2581-6748,Confirmed,NA,0,None,NA,NA,NA,NA,NA,0,0,0,1,1,1,0,0
hadijah2023,2023-12-26,Journal,Islamic University Journal of Social Sciences,2709-2437,Confirmed,NA,0,Unknown,NA,NA,NA,NA,NA,1,0,0,0,0,1,0,1
hameed2023,2023-08-16,Journal,International Journal of Research in Medical Sciences and Technology,2455-9059,Confirmed,NA,0,Full,120,USD,NA,NA,NA,0,0,1,0,0,0,0,0
haris2024,2024-03-20,Journal,Lingua,2442-238X,Confirmed,NA,0,Full,500000,IDR,DOAJ; Dimensions,NA,NA,1,0,0,0,0,1,0,0
hariyastuti2024,2024-01-31,Journal,Jurnal Pendidkan Dasar Nusantara,2579-6461,Confirmed,NA,0,Full,350000,IDR,DOAJ; Dimensions,NA,NA,1,0,0,0,0,1,0,0
harliantara2023,2023-10-25,Journal,Journal of Indonesian Social Science,2723-6692,Confirmed,NA,0,Full,389,USD,NA,NA,NA,1,0,0,0,0,1,0,1
hart2023,2023-08-25,Journal,Eurasian Journal of Humanities and Social Sciences,2795-7683,Confirmed,NA,0,Unknown,NA,NA,NA,NA,NA,0,1,0,0,0,0,0,0
hasan2024,2024-01-17,Journal,International Research Journal of Modernization in Engineering Technology and Science,2582-5208,Confirmed,NA,0,Full,23,USD,Dimensions,NA,NA,1,0,0,0,0,1,0,0
hasan2024a,2024-01-01,Journal,European Journal of Theoretical and Applied Sciences,2786-7447,Confirmed,NA,0,Full,100,USD,Dimensions,NA,NA,1,0,0,0,0,1,0,1
hashmi2024,2024-05-05,Journal,"Business, Management and Economics Engineering",2669-249X,Refers to different journal,NA,0,None,NA,NA,NA,NA,NA,1,0,0,0,0,1,0,0
hassan2024,2024-02-15,Journal,International Journal of Hydrogen Energy,0360-3199,Confirmed,Elsevier,1,Full,3400,USD,Web of Science; Scopus; Dimensions,NA,NA,1,0,0,0,0,1,0,0
hassen2023,2023-10-10,Journal,Medical & Clinical Research,2577-8005,Confirmed,NA,0,Full,3916,USD,Dimensions,NA,NA,1,0,0,0,0,1,0,0
hemalika2023,2023-09-01,Journal,Journal of Medicinal Plants,2320-3862,Confirmed,NA,0,Full,55,USD,Dimensions,NA,NA,1,0,0,0,0,1,0,0
hien2019,2019-06-30,Journal,External Economics Review,1859-4050,Confirmed,NA,0,Unknown,NA,NA,ProQuest,NA,NA,0,0,1,0,0,0,0,0
hsu2021,2021-08-21,Journal,International Journal of Business Management and Visuals,3006-2705,Confirmed,NA,0,Full,NA,NA,NA,NA,NA,1,0,0,0,0,1,0,0
huang2023,2023-09-01,Journal,IEEE Transactions on Reliability,1558-1721,Confirmed,IEEE,1,Hybrid,2495,USD,Web of Science; Dimensions; Scopus,NA,NA,0,0,1,0,0,0,0,0
huaxin2019,2019-01-03,Journal,International Journal of Open Publication and Exploration,3006-2853,Confirmed,NA,0,Unknown,NA,NA,NA,NA,NA,1,0,0,0,0,1,0,0
hussain2023,2023-06-30,Journal,Journal for Current Sign,3006-1504,Confirmed,NA,0,Full,50000,PKR,NA,NA,NA,0,0,1,0,0,0,0,0
ibadullayevich2024,2024-01-12,Journal,Journal of New Century Innovations,2181-368X,Confirmed,NA,0,Unknown,NA,NA,NA,NA,NA,1,0,0,0,0,1,0,0
ibadullayevich2024a,2024-01-04,Journal,Eurasian Research Bulletin,2795-7675,Confirmed,NA,0,Unknown,NA,NA,NA,NA,NA,1,0,0,0,1,1,0,0
ibragimova2023,2023-12-15,Journal,Interpretation and Researches,2181-4163,Confirmed,NA,0,Unknown,NA,NA,NA,NA,NA,0,0,1,0,0,0,0,0
ibrahim2023,2023-08-02,Journal,Jurnal Al-Qardh,2354-6034,Confirmed,NA,0,None,NA,NA,DOAJ; Dimensions,NA,NA,1,0,0,0,0,1,0,1
ihsan2023,2023-09-28,Conference,International Conference on Islamic and Muhammadiyah Studies,978-2-38476-102-9,Confirmed,Springer,1,NA,NA,NA,NA,NA,NA,0,0,1,0,0,0,0,0
ilhomovna2024,2024-01-28,Journal,Galaxy International Interdisciplinary Research Journal,2347-6915,Confirmed,NA,0,Full,20,USD,NA,NA,NA,1,0,0,0,0,1,0,1
insan2023,2023-12-25,Journal,Proceeding Virtual English Education Students Conference,2986-2442,Confirmed,NA,0,Unknown,NA,NA,NA,NA,NA,0,0,1,0,0,0,0,0
isachesku2023,2023-11-14,Journal,International Journal of Molecuar Sciences,1422-0067,Confirmed,MDPI,1,Full,2900,CHF,DOAJ; PubMed Central; Medline; Dimensions; Scopus; Web of Science; Embase; ProQuest; DOE PAGES,NA,NA,1,0,0,0,0,1,0,0
ismail2021,2021-12-01,Journal,International Journal of Humanities and Language Research,2785-9681,Confirmed,NA,0,Full,NA,NA,Dimensions,NA,NA,1,0,0,0,1,1,1,0
ismat2023,2023-08-29,Journal,Bulletin of Business and Economics,2414-1771,Confirmed,NA,0,Full,250,USD,Dimensions,NA,NA,0,0,1,0,0,0,1,0
isroilov2024,2024-02-29,Journal,"Eurasian Journal of Law, Finance and Applied Sciences",2181-2853,Confirmed,NA,0,Unknown,NA,NA,NA,NA,NA,0,0,1,0,0,0,0,0
issalh2023,2023-12-02,Journal,Scientific Journal of Metaverse and Blockchain Technologies,2584-2110,Provisional,NA,0,Full,150,USD,Dimensions,NA,NA,1,0,0,0,0,1,0,0
istian2024,2024-01-27,Journal,"Journal of Economics, Education, Business and Managements",2985-5160,Confirmed,NA,0,Full,300000,IDR,NA,NA,NA,1,0,0,0,0,1,0,0
izarova2023,2023-11-01,Journal,Access to Justice in Eastern Europe,2663-0583,Confirmed,NA,0,Full,1920,EUR,Web of Science; Scopus; DOAJ; Dimensions,NA,NA,0,0,1,0,0,0,0,0
jadhav2024,2024-04-18,Journal,International Research Journal on Advanced Engineering Hub,2584-2137,Confirmed,NA,0,Unknown,NA,NA,NA,NA,NA,0,0,1,0,0,0,0,0
jadoon2023,2023-12-19,Journal,Austin Journal of Nursing & Health Care,2375-2483,Confirmed,NA,0,Unknown,NA,NA,Dimensions,NA,NA,0,0,1,0,0,0,0,0
jagaty2023,2023,Journal,ANWESHAN,2582-1504,Confirmed,NA,0,Unknown,NA,NA,NA,NA,NA,0,0,1,0,0,0,0,0
jain2023,2023-07-01,Journal,International Journal of Multidisciplinary Trends,2709-9350,Confirmed,NA,0,Full,50,USD,Dimensions,NA,NA,1,0,0,0,0,1,0,0
jain2024,2024-04,Journal,International Research Journal of Humanities and Interdisciplinary Studies,2582-8568,Confirmed,NA,0,Full,20,USD,NA,NA,NA,0,0,1,0,0,0,0,0
jairu2023,2023-12,Journal,Food and Scientific Reports,2582-5437,Confirmed,NA,0,Full,3,USD,NA,NA,NA,0,0,1,0,0,0,0,0
jamali2023,2023-09-26,Journal,Journal of Population Therapeutics & Clinical Pharmacology,2561-8741,Confirmed,NA,0,Full,850,USD,Dimensions; Medline (discontinued); Web of Science; Scopus (discontinued); Embase,NA,NA,1,0,0,0,0,1,0,1
jambhulkar2023,2023-08-25,Conference,Asian Conference on Innovation in Technology,9798350302288,Confirmed,IEEE,1,NA,NA,NA,NA,NA,NA,0,1,0,0,0,0,0,0
jaradat2023,2023-11-15,Journal,Cluj University Journal Interdisciplinary Social Sciences and Humanities,3008-4822,Confirmed,NA,0,None,NA,NA,NA,NA,NA,1,0,0,0,0,1,0,0
jarinaa2023,2023-12-20,Journal,Recent Trends in Data Mining and Business Forecasting,None,No ISSN,NA,0,Unknown,NA,NA,NA,NA,NA,1,0,0,0,0,1,0,1
jayadatta2023,2023-12,Journal,Journal of Applied Information Science,2321-6115,Confirmed,NA,0,None,NA,NA,NA,NA,NA,1,0,0,0,0,1,0,0
jayapradha2023,2023-11,Conference,"IEEE International Conference on System, Computation, Automation and Networking",9798350315127,Confirmed,IEEE,1,NA,NA,NA,NA,NA,NA,1,0,0,0,0,1,0,0
jayapraksh2024,2024-05-11,Journal,Educational Administration: Theory and Practice,1300-4832,Confirmed,NA,0,Full,1000,USD,Scopus (discontinued); Dimensions,NA,NA,1,0,0,0,0,1,0,0
jengisbayqizi2024,2024-04-06,Journal,World of Scientific news in Science,None,No ISSN,NA,0,Unknown,NA,NA,NA,NA,NA,0,0,1,0,0,0,0,0
jiang2023,2023-01-03,Journal,"International Journal of Sports, Yoga and Physical Activity",3005-5083,Confirmed,NA,0,Full,NA,NA,NA,NA,NA,0,0,1,0,0,0,0,0
jivani2023,2023-12-04,Conference,IEEE Globecom Workshops,9798350370218,Confirmed,IEEE,1,NA,NA,NA,NA,NA,NA,0,0,1,0,0,0,0,0
jocelyn2024,2024-02-14,Journal,Frontiers in Public Health,2296-2565,Confirmed,Frontiers,1,Full,3495,USD,PubMed Central; Medline; Web of Science; Scopus; DOAJ,NA,NA,1,0,0,0,0,1,0,0
johnson2022,2022-07-04,Journal,International Journal of Open Publication and Exploration,3006-2853,Confirmed,NA,0,Unknown,NA,NA,NA,NA,NA,1,0,0,0,0,1,0,1
joshi2023,2023,Journal,World Journal of Pharmaceutical Research,2277-7105,Confirmed,NA,0,Full,50,USD,Dimensions,NA,NA,1,0,0,0,0,1,0,0
joshi2023a,2023-11,Journal,Mahratta,2581-9879,Confirmed,NA,0,Full,750,INR,NA,NA,NA,1,0,0,0,0,1,0,1
joteppa2024,2024-02-29,Journal,Revue d'Intelligence Artificielle,0992-499X,Confirmed,NA,0,Full,600,USD,Dimensions,NA,NA,1,0,0,0,0,1,0,1
kadam2024,2024-03,Journal,Indian Journal of Technical Education,0971-3034,Confirmed,NA,0,Full,2500,INR,NA,NA,NA,1,0,0,0,0,1,0,1
kadhim2023,2023-05-09,Journal,"International Journal of Linguistics, Literature and Translation",2617-0299,Confirmed,NA,0,Full,150,USD,Dimensions,NA,NA,0,1,0,0,0,0,0,0
kadiri2023,2023-02-23,Journal,Ekonometria,2449-9994,Confirmed,NA,0,Full,300,PLN,NA,NA,NA,1,0,0,0,0,0,0,1
kamal2023,2023-08-22,Journal,Networks and Heterogenous Media,1556-1801,Confirmed,NA,0,Full,1000,USD,Dimensions; Web of Science; Scopus; Compendex,NA,NA,1,0,0,0,0,1,0,1
kamal2023a,2023-10-24,Journal,Iraqi Journal for Computer Science and Mathematics,2788-7421,Confirmed,NA,0,None,NA,NA,Scopus; DOAJ; Dimensions,NA,NA,1,0,0,0,1,1,0,0
kamalakar2023,2023-11-08,Journal,Multidisciplinary Journal of Current Research,None,No ISSN,NA,0,Unknown,NA,NA,NA,NA,NA,1,0,0,0,0,1,0,0
kanjarla2023,2023-06-12,Journal,European Journal of Mass Spectrometry,1469-0667,Confirmed,Sage,1,Hybrid,3950,USD,Medline; Web of Science; Scopus; Dimensions; Embase,Corrigendum,2023-08-01,0,1,0,0,0,0,0,0
kapil2022,2022,Journal,NeuroQuantology,1303-5150,Confirmed,NA,0,Unknown,NA,NA,Web of Science; Scopus (discontinued); Dimensions,NA,NA,1,0,0,0,0,1,0,0
karnewar2023,2023-11-17,Journal,International Research Journal of Modernization in Engineering Technology and Science,2582-5208,Confirmed,NA,0,Full,23,USD,Dimensions,NA,NA,0,0,1,0,0,0,0,0
katiyar2024,2024-02-17,Journal,Journal of Engineering and Technology Management,1879-1719,Refers to different journal,NA,0,Full,100,USD,NA,NA,NA,0,0,1,0,0,0,0,0
kaur2023,2023-06,Conference,"International Conference on Computational Modelling, Simulation and Optimization",9798350326666,Confirmed,IEEE,1,NA,NA,NA,NA,NA,NA,0,0,1,0,0,0,0,0
kausar2023,2023-04-02,Journal,Journal of Positive School Psychology,2717-7564,Refers to different journal,NA,0,Unknown,NA,NA,NA,NA,NA,0,0,1,0,0,0,0,0
kaushik2023,2023-11-15,Journal,Edu Journal of International Affairs and Research,2583-9993,Provisional,NA,0,Unknown,NA,NA,NA,NA,NA,1,0,0,0,0,1,0,1
kaushik2023a,2023-11-17,Journal,Edu Journal of International Affairs and Research,2583-9993,Provisional,NA,0,Unknown,NA,NA,NA,NA,NA,1,0,0,0,0,1,0,1
kelly2020,2020-01-16,Journal,International Journal of Open Publication and Exploration,3006-2853,Confirmed,NA,0,Unknown,NA,NA,NA,NA,NA,1,0,0,0,0,1,0,0
khairani2024,2024-01-31,Journal,International Journal of Research in Vocational Studies,2777-0141,Confirmed,NA,0,Full,50,USD,Dimensions,NA,NA,1,0,0,0,1,1,1,0
khalaf2022,2022-12-01,Journal,International Journal of Education and Learning Research,2785-955X,Confirmed,NA,0,Full,NA,NA,Dimensions,NA,NA,1,0,0,1,1,1,1,1
khan2024,2024-02-07,Journal,British Journal of Multidisciplinary and Advanced Studies,2517-2778,Confirmed,NA,0,Full,80,GBP,Dimensions,NA,NA,1,0,0,0,0,1,0,1
khendke2023,2023-12-15,Journal,EPRA International Journal of Research and Development,2455-7838,Confirmed,NA,0,Full,80,USD,Dimensions,NA,NA,0,0,1,0,0,0,0,0
khoria2023,2023,Journal,International Journal of Intelligent Communication and Computer Science,None,No ISSN,NA,0,None,NA,NA,NA,NA,NA,1,0,0,0,0,1,0,0
kiran2024,2024,Journal,United International Journal of Engineering and Sciences,2582-5887,Confirmed,NA,0,Unknown,NA,NA,NA,NA,NA,1,0,0,0,0,1,0,1
kiritbhai2023,2023-12-11,Journal,International Journal of Research and Analytical Reviews,2348-1269,Confirmed,NA,0,Full,55,USD,Dimensions,NA,NA,1,0,0,0,1,1,1,1
konda2023,2023-09-30,Journal,International Journal of Computer Science and Technology,2709-5088,Confirmed,NA,0,Full,12000,PKR,NA,NA,NA,0,0,0,1,1,1,0,0
kotagiri2024,2024-03-25,Journal,Multimedia Tools and Applications,1573-7721,Confirmed,Springer,1,Hybrid,2990,USD,Web of Science; Compendex; Inspec; Dimensions; Scopus; ProQuest,NA,NA,1,0,0,0,0,1,1,1
kowalski2023,2023-04-21,Journal,International Journal of Transcontinental Discoveries,3006-628X,Confirmed,NA,0,Unknown,NA,NA,NA,NA,NA,1,0,0,0,0,1,0,1
krishna2023,2023-09-04,Journal,IEEE Access,2169-3536,Confirmed,IEEE,1,Full,1995,USD,Scopus; Web of Science; Dimensions; DOAJ,NA,NA,0,0,1,0,0,0,0,0
krishnarji2024,2024-04,Journal,International Journal for Innovative Engineering and Management Research,2456-5083,Confirmed,NA,0,Full,150,USD,NA,NA,NA,1,0,0,0,0,1,1,0
kudavalli2023,2023-07-18,Journal,Contemporaneity of English Language and Literature in the Robotized Millennium,2583-7370,Provisional,NA,0,Unknown,NA,NA,NA,NA,NA,1,0,0,1,0,1,0,0
kulasekhar2023,2023-10-30,Journal,European Economic Letters,2323-5233,Confirmed,NA,0,Full,300,USD,Dimensions,NA,NA,1,0,0,0,0,1,0,0
kulkarni2023,2023,Journal,Education and Society,2278-6864,Confirmed,NA,0,Unknown,NA,NA,NA,NA,NA,1,0,0,0,0,1,0,0
kumar2021,2021,Journal,"Journal of Mathematical Problems, Equations and Statistics",2709-9393,Confirmed,NA,0,Full,55,USD,Dimensions,NA,NA,1,0,0,0,0,1,0,0
kumar2022,2022-01,Journal,Vidhigya,0973-3825,Confirmed,NA,0,Unknown,NA,NA,Dimensions,NA,NA,1,0,0,0,0,1,0,0
kumar2023,2023-09-21,Journal,Journal of Population Therapeutics & Clinical Pharmacology,2561-8741,Confirmed,NA,0,Full,850,USD,Dimensions; Medline (discontinued); Web of Science; Scopus (discontinued); Embase,NA,NA,1,0,0,0,0,1,1,1
kumar2023a,2023-11-26,Journal,International Journal of Modern Trends in Science and Technology,2455-3778,Confirmed,NA,0,Full,70,USD,Dimensions,NA,NA,1,0,0,0,0,1,0,0
kumar2023b,2023-10-31,Journal,International Journal of Novel Research and Development,2456-4184,Confirmed,NA,0,Full,59,USD,NA,NA,NA,1,0,0,0,0,1,0,0
kumar2023c,2023-07-08,Journal,Turkish Journal of Computer and Mathematics Education,1309-4653,Confirmed,NA,0,Full,1295,USD,Dimensions; ProQuest,NA,NA,0,0,1,0,0,0,0,0
kumar2024,2024-01-15,Journal,Heliyon,2405-8440,Confirmed,Elsevier,1,Full,2160,USD,DOAJ; Web of Science; Scopus; PubMed Central; Dimensions,NA,NA,1,0,0,0,0,1,0,1
kuna2024,2024-03-01,Journal,International Journal of Biological Macromolecules,0141-8130,Confirmed,Elsevier,1,Full,4260,USD,Scopus; Medline; Dimensions; Science Direct,NA,NA,1,0,0,0,0,1,0,0
lamba2024,2024-01-10,Journal,International Research Journal of Modernization in Engineering Technology and Science,2582-5208,Confirmed,NA,0,Full,23,USD,Dimensions,NA,NA,0,0,1,0,0,0,0,0
laskawiec-zulawinska2023,2023-12-29,Journal,Applied Psychology Research,3029-276X,Confirmed,NA,0,Full,800,USD,NA,NA,NA,0,0,1,0,0,0,0,0
lavanya2023,2023,Journal,Journal of Engineering Sciences,0377-9254,Confirmed,NA,0,Full,1200,INR,NA,NA,NA,0,0,1,0,0,0,0,0
lavanya2023a,2023-07-14,Journal,"International Journal of Scientific Research in Computer Science, Engineering and Information Technology",2456-3307,Confirmed,NA,0,Full,45,USD,Dimensions,NA,NA,0,0,1,0,0,0,0,0
laxmi2024,2024-02,Journal,International Journal of Applied Science Engineering and Management,2454-9940,Confirmed,NA,0,Full,100,USD,NA,NA,NA,1,0,0,0,0,1,0,1
lazar2024,2024-05-01,Journal,Trends in Food Science & Technology,0924-2244,Confirmed,Elsevier,1,Hybrid,5270,USD,Dimensions; Scopus; Web of Science,NA,NA,0,0,1,0,0,0,0,0
lestary2023,2023-06-26,Journal,"Jurnal Audit, Pajak, Akuntansi Publik",2830-0645,Confirmed,NA,0,Unknown,NA,NA,Dimensions,NA,NA,0,0,0,1,0,1,0,0
li2023,2023-10-01,Journal,Environmental Science and Pollution Research,1614-7499,Confirmed,Springer,1,Hybrid,3990,USD,Web of Science; Scopus; Medline; Dimensions; Compendex; ProQuest,Retraction,2024-07-01,0,1,0,0,0,0,0,0
likert2019,2019-07-06,Journal,International Journal of Open Publication and Exploration,3006-2853,Confirmed,NA,0,Unknown,NA,NA,NA,NA,NA,1,0,0,0,0,1,0,0
likert2021,2021-07-10,Journal,International Journal of Open Publication and Exploration,3006-2853,Confirmed,NA,0,Unknown,NA,NA,NA,NA,NA,1,0,0,0,0,1,0,1
likert2023,2023-07-29,Journal,International Journal of Research and Review Techniques,3006-1075,Confirmed,NA,0,Unknown,NA,NA,NA,NA,NA,1,0,0,0,0,1,0,0
liu2015,2015-02-07,Journal,International Journal of Open Publication and Exploration,3006-2853,Confirmed,NA,0,Unknown,NA,NA,NA,NA,NA,1,0,0,0,0,1,0,1
liu2024,2024-01-25,Journal,Journal of Electrical Systems,1112-5209,Confirmed,NA,0,Unknown,NA,NA,Web of Science; Scopus; Dimensions; Compendex; ProQuest,NA,NA,1,0,0,0,0,1,0,0
liu2024a,2024-01-01,Journal,TrAC Trends in Analytical Chemistry,0165-9936,Confirmed,Elsevier,1,Hybrid,5000,USD,Web of Science; Scopus; Dimensions,NA,NA,0,0,1,0,0,0,0,0
lowe2023,2023-09-29,Journal,International Research Journal of Modernization in Engineering Technology and Science,2582-5208,Confirmed,NA,0,Full,23,USD,Dimensions,NA,NA,1,0,0,0,1,1,1,1
lowe2024,2024-03-01,Journal,Journal of Informatics Education and Research,1526-4726,Confirmed,NA,0,Full,300,USD,NA,NA,NA,1,0,0,0,0,1,1,1
m2023,2023-05-04,Conference,International Conference on Applied Artifical Intelligence and Computing,978-1-66545-630-2,Confirmed,IEEE,1,NA,NA,NA,NA,NA,NA,0,0,0,1,1,1,0,0
m2023a,2023-11-22,Conference,"International Conference on Electronics, Communication and Aerospace Technology",9798350340600,Confirmed,IEEE,1,NA,NA,NA,NA,NA,NA,1,0,0,0,0,1,0,0
mahajan2023,2023-11-30,Journal,International Journal of Management Thinking,3009-0016,Confirmed,NA,0,Unknown,NA,NA,NA,NA,NA,1,0,0,0,1,1,0,1
mahesar2023,2023-12-31,Journal,Al-Qamar,2664-4398,Confirmed,NA,0,Full,25000,PKR,NA,NA,NA,1,0,0,0,0,1,0,0
maheshwari2023,2023,Journal,Indian Journal of Business Administration,0975-6825,Confirmed,NA,0,None,NA,NA,NA,NA,NA,0,0,1,0,0,0,0,0
mahjouby2024,2024-02-23,Journal,International Journal of Intelligent Systems and Applications in Engineering,2147-6799,Confirmed,NA,0,Full,600,USD,Scopus,NA,NA,1,0,0,0,0,1,0,0
maksuti2023,2023-12-15,Journal,Journal of Marketing and Emerging Economics,2792-4009,Confirmed,NA,0,Full,20,USD,NA,NA,NA,1,0,0,0,0,1,0,1
malicixhelili2024,2024-01,Journal,Vizione,1409-8962,Confirmed,NA,0,Full,120,EUR,NA,NA,NA,1,0,0,0,0,1,0,0
malik2023,2023-09-21,Journal,International Journal of Intelligent Systems and Applications in Engineering,2147-6799,Confirmed,NA,0,Full,600,USD,Scopus,NA,NA,0,0,1,0,0,0,0,0
mamedov2023,2023-11-13,Journal,Norwegian Journal of Development of the International Science,3453-9875,Invalid,NA,0,Full,32,EUR,NA,NA,NA,0,0,1,0,0,0,0,0
maniatis2023,2023-05-16,Journal,International Journal of Multidisciplinary Research and Analysis,2643-9840,Confirmed,NA,0,Full,50,USD,Dimensions,NA,NA,0,1,0,0,0,0,0,0
maniatis2023a,2023-11-03,Journal,"European Journal of Science, Innovation and Technology",2786-4936,Confirmed,NA,0,Full,90,USD,NA,NA,NA,0,0,1,0,0,0,0,0
manj2023,2023-11-05,Journal,Al-Qantara,1988-2955,Confirmed,NA,0,None,NA,NA,Web of Science; DOAJ; Scopus; Dimensions,NA,NA,1,0,0,0,0,1,0,0
margenov2023,2023-05-10,Journal,Mathematics,2227-7390,Confirmed,MDPI,1,Full,2600,CHF,DOAJ; Scopus; Web of Science; Dimensions,NA,NA,1,0,0,0,0,0,0,0
marouani2023,2023-09-07,Journal,Processes,2227-9717,Confirmed,MDPI,1,Full,2400,CHF,Web of Science; Scopus; Dimensions,NA,NA,0,0,1,0,0,0,0,0
martin2021,2021-01-04,Journal,International Journal of Open Publication and Exploration,3006-2853,Confirmed,NA,0,Unknown,NA,NA,NA,NA,NA,1,0,0,0,0,1,0,0
martin2023,2023-03-03,Journal,"International Journal of Sports, Yoga and Physical Activity",3005-5083,Confirmed,NA,0,Full,NA,NA,NA,NA,NA,0,0,1,0,0,0,0,0
marzouk2023,2023-10-01,Journal,Journal of Communication Sciences and Information Technology,2812-5630,Confirmed,NA,0,Unknown,NA,NA,Dimensions,NA,NA,1,0,0,0,0,1,0,1
masakure2023,2023-08-25,Conference,Asian Conference on Innovation in Technology,9798350302288,Confirmed,IEEE,1,NA,NA,NA,NA,NA,NA,1,0,0,0,0,1,0,0
mateen2023,2023-12-05,Journal,Journal of Commputing & Biomedical Informatics,2710-1614,Confirmed,NA,0,Full,100,USD,NA,NA,NA,1,0,0,0,0,1,1,0
mathappan2023,2023-05-18,Journal,Concurrency and Computation,1532-0634,Confirmed,Wiley,1,Hybrid,4900,USD,Compendex; Inspec; Web of Science; Scopus; Dimensions,NA,NA,0,0,0,0,0,0,0,0
mathur2023,2023-12-21,Journal,Journal of Ophthalmology Research Reviews & Reports,2754-4990,Confirmed,NA,0,Full,3619,USD,Dimensions,NA,NA,0,0,1,0,0,0,0,0
mattar2023,2023-10,Journal,International Journal of Academic Engineering Research,2643-9085,Confirmed,NA,0,None,NA,NA,NA,NA,NA,1,0,0,0,0,1,1,1
mehmood2023,2023-09-30,Journal,Journal of Asian Development Studies,None,No ISSN,NA,0,Full,100,USD,NA,NA,NA,0,0,1,0,0,0,0,0
mehta2023,2023-05-08,Journal,International Journal of New Media Studies,2394-4331,Confirmed,NA,0,Full,70,USD,NA,NA,NA,1,0,0,0,0,1,0,0
mekuriaw2023,2023-01-01,Journal,Abyssinia Journal of Engineering and Computing,2788-6247,Confirmed,NA,0,Unknown,NA,NA,NA,NA,NA,0,1,0,0,0,0,0,0
minzatu2024,2024-03-01,Journal,IOP Conference Series: Materials Science and Engineering,1757-899X,Confirmed,IOP,1,None,NA,NA,Dimensions,NA,NA,1,0,0,0,0,1,1,1
mishra2023,2023-09-29,Journal,International Journal of Environment and Climate Change,2581-8627,Confirmed,NA,0,Full,500,USD,Dimensions,NA,NA,1,0,0,0,0,1,0,0
mnekhir2023,2023-04-07,Journal,Russian Law Journal,2309-8678,Confirmed,NA,0,None,NA,NA,Scopus (discontinued); Web of Science,NA,NA,0,0,1,0,0,0,0,0
mohamed2023,2023-10-01,Journal,Toxicology,0300-483X,Confirmed,Elsevier,1,Hybrid,4050,USD,Web of Science; Scopus; Embase; Medline; Dimensions,Stealth revision,NA,0,1,0,0,0,0,0,0
mohan2023,2023-11-22,Conference,"International Conference on Electronics, Communication and Aerospace Technology",9798350340600,Confirmed,IEEE,1,NA,NA,NA,NA,NA,NA,0,0,1,0,0,0,0,0
mohite2022,2022-01,Journal,"International Journal of Management, IT & Engineering",2249-0558,Confirmed,NA,0,Full,80,USD,NA,NA,NA,0,0,0,0,1,1,0,0
mohith2024,2024,Journal,International Journal of Electrical and Data Communication,2708-3977,Confirmed,NA,0,Unknown,NA,NA,Dimensions,NA,NA,1,0,0,0,0,1,0,0
moussa2023,2023-09-10,Journal,"Journal of Poverty, Investment and Development",2520-5196,Refers to different journal,NA,0,Full,150,USD,NA,NA,NA,0,0,1,0,0,0,0,0
mubita2023,2023-04-10,Journal,International Journal of Social Science and Education Research Studies,2770-2782,Confirmed,NA,0,Full,NA,NA,Dimensions,NA,NA,0,0,1,0,0,0,0,0
muturi2023,2023-08-24,Journal,"Journal of Poverty, Investment and Development",2520-5196,Refers to different journal,NA,0,Full,150,USD,NA,NA,NA,0,0,1,0,0,0,0,0
mv2023,2023-07-06,Conference,International Conference on Computing Communication and Networking Technologies,9798350335095,Confirmed,IEEE,1,NA,NA,NA,NA,NA,NA,0,0,0,0,0,0,0,0
nabijonova2023,2023-10-31,Journal,Academic Research in Modern Science,None,No ISSN,NA,0,Unknown,NA,NA,NA,NA,NA,0,0,1,0,0,1,1,0
nadia2024,2024-06-27,Journal,El-Manhel Economy,2710-8236,Confirmed,NA,0,Unknown,NA,NA,NA,NA,NA,1,0,0,0,0,1,0,0
nagagopiraju2024,2024-03-04,Journal,Turkish Journal of Computer and Mathematics Education,1309-4653,Confirmed,NA,0,Full,1295,USD,Dimensions; ProQuest,NA,NA,0,0,1,0,0,0,1,0
nagar2023,2023-10-12,Journal,Journal of Advanced Zoology,0253-7214,Confirmed,NA,0,Full,999,USD,Web of Science; Scopus (discontinued); Dimensions,NA,NA,1,0,0,0,0,1,1,1
nagaraj2023,2023-12-21,Conference,"International Conference on Data Science, Agents & Artificial Intelligence",9798350348910,Confirmed,IEEE,1,NA,NA,NA,NA,NA,NA,1,0,0,0,0,1,0,0
nanda2023,2023-06-14,Journal,European Economic Letters,2323-5233,Confirmed,NA,0,Full,300,USD,Dimensions,NA,NA,0,0,1,0,0,0,0,0
nanda2024,2024-01-31,Journal,Analytical and Bioanlytical Electrochemistry,2008-4226,Confirmed,NA,0,Unknown,NA,NA,Web of Science; Scopus,NA,NA,0,1,0,0,0,0,0,0
nandan2023,2023-03,Journal,Mukt Shabd Journal,2347-3150,Confirmed,NA,0,Full,2000,INR,NA,NA,NA,0,1,0,0,0,0,0,0
narayanan2014,2014-04-15,Journal,International Journal of Transcontinental Discoveries,3006-628X,Confirmed,NA,0,Unknown,NA,NA,NA,NA,NA,1,0,0,0,1,1,0,1
naser2024,2024-03,Journal,International Journal of Exclusive Management Research,2249-2585,Confirmed,NA,0,Full,2500,INR,NA,NA,NA,0,0,1,0,0,0,0,0
nazarpour2023,2023-05,Journal,Advances in Mathematical Finance and Applications,2538-5569,Confirmed,NA,0,Full,3000000,IRR,DOAJ,NA,NA,0,1,0,0,0,0,0,0
neve2023,2023-12-01,Journal,Journal of Advanced Zoology,0253-7214,Confirmed,NA,0,Full,999,USD,Web of Science; Scopus (discontinued); Dimensions,NA,NA,0,1,0,0,0,0,0,0
nilufar2023,2023-09-23,Journal,Science and Innovation,2181-3337,Confirmed,NA,0,Unknown,NA,NA,NA,NA,NA,1,0,0,0,0,1,0,0
niu2024,2024-01-05,Journal,Herança,2184-3090,Confirmed,NA,0,Full,450,EUR,Web of Science; Scopus,NA,NA,0,0,1,0,0,0,0,0
noila2024,2024-04-20,Journal,Ta'lim innovatsiyasi va integratsiyasi,3030-3621,Confirmed,NA,0,Unknown,NA,NA,NA,NA,NA,0,0,1,0,0,0,0,0
obeagu2024,2024-03-01,Journal,Medicine,0025-7974,Confirmed,Wolters Kluwer,1,Full,1970,USD,Medline; PubMed Central; DOAJ; Web of Science; Scopus; Dimensions,NA,NA,1,0,0,0,0,1,0,1
ofei2024,2024-01-24,Journal,International Journal of Research Publication and Reviews,2582-7421,Provisional,NA,0,Full,20,USD,Dimensions,NA,NA,1,0,0,0,0,1,0,0
ogugua2023,2023-08-01,Journal,Environmental Science and Pollution Research,1614-7499,Confirmed,Springer,1,Hybrid,3990,USD,Web of Science; Scopus; Medline; Dimensions; Compendex; ProQuest,NA,NA,1,0,0,0,0,0,0,0
okeke2023,2023,Journal,International Journal of Studies in Education,2636-6320,Confirmed,NA,0,Full,5000,NGN,NA,NA,NA,0,0,1,0,0,0,0,0
okhunov2024,2024-01-13,Journal,World Economics and Finance Bulletin,2749-3628,Confirmed,NA,0,Unknown,NA,NA,NA,NA,NA,1,0,0,0,0,1,0,0
okwudibe2023,2023-09-09,Journal,"International Journal of Strategic Research in Education, Technology and Humanities",2465-731X,Confirmed,NA,0,Full,50,USD,Dimensions,NA,NA,0,0,1,0,0,0,0,0
p2023,2023-11-22,Conference,"International Conference on Electronics, Communication and Aerospace Technology",9798350340600,Confirmed,IEEE,1,NA,NA,NA,NA,NA,NA,0,0,1,0,0,0,0,0
pagare2024,2024-04,Journal,World Journal of Pharmaceutical Research,2277-7105,Confirmed,NA,0,Full,50,USD,Dimensions,NA,NA,1,0,0,0,0,1,0,1
pai2023,2023-11-18,Journal,International Journal of Pharmaceutical Sciences,0975-4725,Confirmed,NA,0,Full,20,USD,NA,NA,NA,0,0,1,0,0,0,1,0
palsodkar2023,2023-05-26,Conference,International Conference for Emerging Technology,9798350335750,Confirmed,IEEE,1,NA,NA,NA,NA,NA,NA,0,1,0,0,0,0,0,0
palupi2024,2024-02-02,Conference,International Conference on Advanced Informatics and Intelligent Information Systems,978-94-6463-366-5,Confirmed,Springer,1,NA,NA,NA,NA,NA,NA,0,0,1,0,0,0,0,0
pandey2023,2023-12-20,Journal,Journal of Namibian Studies,2197-5523,Confirmed,NA,0,Full,500,USD,Scopus (discontinued); Dimensions,NA,NA,0,0,1,0,0,0,0,0
pandey2023a,2023-12,Journal,DTC Journal of Computational,2583-6749,Provisional,NA,0,None,NA,NA,NA,NA,NA,0,0,1,0,0,0,0,0
pandit2023,2023,Journal,The Pharma Innovation Journal,2277-7695,Confirmed,NA,0,Full,75,USD,NA,NA,NA,1,0,0,0,0,1,0,0
pankaj2023,2023-10-21,Journal,Edu Journal of International Affairs and Research,2583-9993,Provisional,NA,0,Unknown,NA,NA,NA,NA,NA,1,0,0,0,0,1,0,1
parkavi2023,2023-11,Journal,"International Journal of Advanced Research in Arts, Science, Engineering & Management",2395-7852,Invalid,NA,0,Full,40,USD,NA,NA,NA,1,0,0,0,0,1,0,1
parshivlyuk2024,2024-01-20,Journal,Eduzone,2319-5045,Provisional,NA,0,Full,50,USD,NA,NA,NA,1,0,0,0,0,1,0,0
pasha2023,2023-11-24,Journal,International Journal of Intelligent Systems and Applications in Engineering,2147-6799,Confirmed,NA,0,Full,600,USD,Scopus,NA,NA,1,0,0,0,0,1,0,1
patel2024,2024-02-17,Journal,International Journal of Plant & Soil Science,2320-7035,Confirmed,NA,0,Full,500,USD,Dimensions,NA,NA,1,0,0,0,0,1,1,0
patel2024a,2024,Journal,Samvad E-Journal,2583-8334,Provisional,NA,0,Full,1000,INR,NA,NA,NA,0,0,0,1,0,1,0,0
patil2023,2023-01-01,Journal,Materials Today: Proceedings,2214-7853,Confirmed,Elsevier,1,Full,200,USD,Dimensions; Scopus,NA,NA,0,1,0,0,0,0,0,0
patil2024,2024-03-04,Conference,International Conference in Power Engineering Applications,9798350344578,Confirmed,IEEE,1,NA,NA,NA,NA,NA,NA,0,0,1,0,0,0,0,0
prabu2023,2023-11-01,Conference,"International Conference on Research Methodologies in Knowledge Management, Artificial Intelligence and Telecommunication Engineering",9798350305708,Confirmed,IEEE,1,NA,NA,NA,NA,NA,NA,1,0,0,0,0,1,0,0
prajapati2023,2023-04-14,Journal,International Journal for Research in Applied Science & Engineering Technology,2321-9653,Confirmed,NA,0,Full,1350,INR,NA,NA,NA,0,0,0,1,0,1,0,0
prakasi2023,2023-04,Journal,International Research Journal of Engineering and Technology,2395-0056,Confirmed,NA,0,Full,75,USD,NA,NA,NA,0,0,0,1,0,1,0,0
prasad2022,2022-06-30,Journal,International Journal of Development in Social Science and Humanities,2455-5142,Confirmed,NA,0,Full,NA,NA,NA,NA,NA,1,0,0,0,0,1,0,0
praveen2023,2023-11-25,Journal,International Journal for Multidisciplinary Research,2582-2160,Confirmed,NA,0,Full,70,USD,Dimensions,NA,NA,1,0,0,0,0,1,0,1
praveen2023a,2023-06,Conference,International Conference on Sustainable Computing and Smart Systems,9798350333602,Confirmed,IEEE,1,NA,NA,NA,NA,NA,NA,0,0,1,0,0,0,0,0
pujimahanani2023,2023-12-28,Journal,Anaphora,2656-3967,Confirmed,NA,0,None,NA,NA,Dimensions,NA,NA,0,0,1,0,0,0,0,0
qahramonjonsdaughter2024,2024-04-26,Journal,Obrazovanie nauka i innovacionnye idei v mire,2181-3817,Confirmed,NA,0,Unknown,NA,NA,NA,NA,NA,0,0,1,0,0,0,0,0
rahman2023,2023-05-31,Journal,International Journal of Research Publication and Reviews,2582-7421,Provisional,NA,0,Full,20,USD,Dimensions,NA,NA,0,1,0,0,0,0,0,0
rahman2023a,2023-11-08,Journal,Journal of Xidian University,1001-2400,Refers to different journal,NA,0,Full,120,USD,NA,NA,NA,0,0,1,0,0,0,0,0
rai2023,2023-08-19,Journal,International Research Journal of Modernization in Engineering Technology and Science,2582-5208,Confirmed,NA,0,Full,23,USD,Dimensions,NA,NA,1,0,0,0,0,1,1,0
raja2023,2023-04-26,Journal,International Journal for Multidisciplinary Research,2582-2160,Confirmed,NA,0,Full,70,USD,Dimensions,NA,NA,0,0,0,1,0,1,0,0
rajarajeswari2023,2023-09-20,Conference,International Conference on Smart Electronics and Communication,9798350300888,Confirmed,IEEE,1,NA,NA,NA,NA,NA,NA,1,0,0,0,0,1,1,0
rajendran2021,2021-10-20,Journal,Eduzone,2319-5045,Provisional,NA,0,Full,50,USD,NA,NA,NA,1,0,0,0,0,1,0,1
rajkumar2023,2023-06-01,Journal,Journal of Electronic and Automation Engineering,2583-6951,Provisional,NA,0,Unknown,NA,NA,NA,NA,NA,0,1,0,0,0,0,0,0
rakhimova2023,2023-10-25,Journal,Modern Science and Research,2181-3906,Confirmed,NA,0,Unknown,NA,NA,NA,NA,NA,0,0,1,0,0,0,0,0
ramar2023,2023-07-01,Journal,Shanlax International Journal of Management,2581-9402,Confirmed,NA,0,Full,50,USD,Dimensions,NA,NA,0,1,0,0,0,0,0,0
rambabu2023,2023,Journal,Journal of Engineering Sciences,0377-9254,Confirmed,NA,0,Full,1200,INR,NA,NA,NA,1,0,0,0,0,1,0,1
ramekar2023,2023-05-16,Journal,International Research Journal of Modernization in Engineering Technology and Science,2582-5208,Confirmed,NA,0,Full,23,USD,Dimensions,NA,NA,0,1,0,0,0,0,0,0
ramzani2024,2024-02-13,Journal,Migration Letters,1741-8992,Confirmed,NA,0,Full,800,USD,Scopus (discontinued); ProQuest,NA,NA,0,0,1,0,0,0,0,0
rani2023,2023-09-29,Journal,European Economic Letters,2323-5233,Confirmed,NA,0,Full,300,USD,Dimensions,NA,NA,0,0,1,0,0,0,0,0
rani2024,2024-03-03,Journal,Separation Science Plus,2573-1815,Confirmed,Wiley,1,Full,3300,USD,Dimensions; Web of Science; Scopus,NA,NA,1,0,0,0,0,1,0,0
rao2023,2023-12-23,Journal,International Journal of Innovative Science and Research Technology,2456-2165,Confirmed,NA,0,Full,50,USD,NA,NA,NA,1,0,0,0,0,1,0,0
rastogi2023,2023-12-12,Journal,Shodhshauryam International Scientific Refereed Research,2581-6306,Provisional,NA,0,Unknown,NA,NA,NA,NA,NA,0,0,1,0,0,0,0,0
rathore2024,2024-03-06,Journal,Al-Nasr,2958-9398,Confirmed,NA,0,Full,25000,PKR,Dimensions,NA,NA,1,0,0,0,0,1,0,1
rathour2023,2023-12-14,Conference,"International Conference on Innovative Computing, Intelligent Communication and Smart Electrical Systems",9798350319200,Confirmed,IEEE,1,NA,NA,NA,NA,NA,NA,0,0,1,0,0,0,1,0
ravesia2024,2024-04-30,Journal,International Journal of Business and Management Practices,3046-9252,Confirmed,NA,0,Full,300000,IDR,Dimensions,NA,NA,1,0,0,0,0,1,0,1
rawat2023,2023-12-11,Journal,Journal of Korean Academy of Psychiatric and Mental Health Nursing,1225-8482,Refers to different journal,NA,0,Unknown,NA,NA,NA,NA,NA,1,0,0,0,1,1,0,0
ray2023,2023-09-30,Journal,International Journal of Pharmacy and Pharmaceutical Research,2349-7203,Confirmed,NA,0,None,NA,NA,Dimensions,NA,NA,0,0,1,0,0,0,1,0
rayimova2023,2023-04-27,Journal,Educational Research in Universal Sciences,2181-3515,Confirmed,NA,0,Unknown,NA,NA,NA,NA,NA,0,0,1,0,0,0,0,0
reddy2016,2016-05-26,Journal,International Journal of Transcontinental Discoveries,3006-628X,Confirmed,NA,0,Unknown,NA,NA,NA,NA,NA,1,0,0,0,0,1,0,1
reddy2023,2023,Journal,Journal of Engineering Sciences,0377-9254,Confirmed,NA,0,Full,1200,INR,NA,NA,NA,1,0,0,0,1,1,0,0
reddy2024,2024-02-26,Journal,International Journal of Modern Trends in Science and Technology,2455-3778,Confirmed,NA,0,Full,70,USD,Dimensions,NA,NA,1,0,0,0,0,1,0,0
rees2023,2023-06-30,Journal,Law and Economics,3026-1929,Confirmed,NA,0,None,NA,NA,Dimensions,NA,NA,0,0,1,0,0,0,0,0
remzan2023,2023-10-16,Journal,Multimedia Tools and Applications,1573-7721,Confirmed,Springer,1,Hybrid,2990,USD,Web of Science; Compendex; Inspec; Dimensions; Scopus; ProQuest,NA,NA,0,1,0,0,0,0,0,0
rinaldi2023,2023-12-17,Journal,International Journal for the Semiotics of Law,1572-8722,Confirmed,Springer,1,Hybrid,2990,USD,Dimensions; Web of Science; ProQuest; Scopus,NA,NA,1,0,0,0,0,1,0,0
rini2023,2023-04-27,Journal,Journal of Researchers and Lecturers of Engineering,2963-7511,Confirmed,NA,0,None,NA,NA,Dimensions,Stealth revision,NA,0,1,0,0,0,0,0,0
romyzal2022,2022-08-31,Journal,Tanjak,2720-8966,Confirmed,NA,0,Unknown,NA,NA,Dimensions,NA,NA,0,1,0,0,0,0,0,0
roy2023,2023-12-08,Conference,IEEE International Conference on ICT in Business Industry & Government,9798350343274,Confirmed,IEEE,1,NA,NA,NA,NA,NA,NA,1,0,0,0,0,1,1,1
roziogli2023,2023-12-05,Journal,TADQIQOTLAR,3030-3613,Confirmed,NA,0,Unknown,NA,NA,NA,NA,NA,0,0,1,0,0,0,0,0
rusdi2023,2023-02-28,Journal,Tanjak,2720-8966,Confirmed,NA,0,Unknown,NA,NA,Dimensions,NA,NA,0,1,0,0,0,0,0,0
s2023,2023-11-15,Conference,International Conference on Sustainable Communication Networks and Application,9798350313987,Confirmed,IEEE,1,NA,NA,NA,NA,NA,NA,0,0,1,0,0,0,1,0
sabour-takanlou2024,2024-06-17,Journal,Clinical Genetics,1399-0004,Confirmed,Wiley,1,Hybrid,4980,USD,Web of Science; Dimensions; Medline; Scopus,NA,NA,1,0,0,0,0,1,0,0
sackey2023,2023-08-28,Journal,African Journal of Applied Research,2408-7920,Confirmed,NA,0,Unknown,NA,NA,NA,NA,NA,0,0,1,0,0,0,0,0
sadik2023,2023-10-15,Conference,North American Power Symposium,9798350315097,Confirmed,IEEE,1,NA,NA,NA,NA,NA,NA,0,1,0,0,0,0,0,0
saeedbenyoussef2021,2021-12-01,Journal,International Journal of Modern Agriculture and Environment,2974-4407,Confirmed,NA,0,Full,NA,NA,Dimensions,NA,NA,1,0,0,1,1,1,1,1
safaeva2023,2023-12-15,Journal,Yashil Iqtisodiyot va Taraqqiyot,2992-8982,Confirmed,NA,0,Unknown,NA,NA,Dimensions,NA,NA,1,0,0,0,0,1,0,1
safitri2024,2024-01-01,Journal,Indonesian Journal of Law and Economics Review,2598-9928,Confirmed,NA,0,Full,850000,IDR,Dimensions,NA,NA,0,0,1,0,0,0,0,0
saglam2024,2024-02-06,Journal,Energies,1996-1073,Confirmed,MDPI,1,Full,2600,CHF,Web of Science; Scopus; DOAJ; Compendex; Inspec; Dimensions; ProQuest; OSTI,NA,NA,0,0,1,0,0,0,0,0
sahar2024,2024-01-18,Journal,Annals of Human and Social Sciences,2790-6809,Confirmed,NA,0,Full,310,USD,Dimensions,NA,NA,0,0,1,0,0,0,0,0
sahoo2023,2023-06-30,Journal,Journal of Technology Innovations and Energy,2957-8809,Confirmed,NA,0,Full,200,USD,Dimensions,NA,NA,1,0,0,1,0,1,0,1
sahu2023,2023-12-28,Journal,"International Journal of Futuristic Innovation in Engineering, Science and Technology",2583-6234,Provisional,NA,0,Full,150,USD,NA,NA,NA,0,0,1,0,0,0,0,0
sahu2024,2024-03,Journal,Food and Scientific Reports,2582-5437,Confirmed,NA,0,Full,3,USD,NA,NA,NA,0,0,1,0,0,0,0,0
sain2023,2023-08,Journal,International Journal of Innovative Science and Research Technology,2456-2165,Confirmed,NA,0,Full,50,USD,NA,NA,NA,0,0,0,0,1,1,0,0
saini2023,2023-08,Journal,Journal of Harbin Engineering University,1006-7043,Confirmed,NA,0,Unknown,NA,NA,Scopus; Compendex; Inspec,NA,NA,0,0,1,0,0,0,0,0
sainik2023,2023-10,Journal,BTRA Scan,0972-8341,Confirmed,NA,0,Unknown,NA,NA,NA,NA,NA,0,0,1,0,0,0,0,0
saluky2023,2023-11-23,Journal,Indonesian Journal of Cyber Education,2829-9019,Confirmed,NA,0,Unknown,NA,NA,NA,NA,NA,1,0,0,0,0,1,0,0
samarakoon2024,2024-02-28,Journal,International Journal of Science and Research Archive,2582-8185,Confirmed,NA,0,Full,32,USD,Dimensions,NA,NA,1,0,0,0,0,1,0,1
sami2024,2024-02,Journal,DogoRangsang Research Journal,2347-7180,Refers to different journal,NA,0,Unknown,NA,NA,NA,NA,NA,1,0,0,0,0,1,0,0
samson2024,2024-02-20,Journal,International Journal of Innovations and Interdisciplinary Research,3005-4893,Confirmed,NA,0,Full,100,USD,Dimensions,NA,NA,0,1,0,0,0,0,0,0
sanjarbek2024,2024-04-15,Journal,"Best Journal of Innovation in Science, Research and Development",2835-3579,Confirmed,NA,0,Unknown,NA,NA,NA,NA,NA,0,0,0,1,1,1,0,0
sari2023,2023-08-03,Journal,Publicio,2656-0305,Confirmed,NA,0,None,NA,NA,Dimensions,NA,NA,0,1,0,0,0,0,0,0
sasikala2023,2023-09-29,Journal,European Economic Letters,2323-5233,Confirmed,NA,0,Full,300,USD,Dimensions,NA,NA,1,0,0,0,0,1,0,0
savvas2023,2023-11-30,Journal,Journal of Computer Science and Research,2986-2337,Confirmed,NA,0,Unknown,NA,NA,NA,NA,NA,1,0,0,0,0,1,0,1
saxena2024,2024-04,Journal,Journal of The Electrochemical Society,1945-7111,Confirmed,IOP,1,Full,1855,USD,Dimensions; Web of Science; Compendex; Inspec; Scopus; Astrophysics Data System,NA,NA,1,0,0,0,0,1,0,1
scott2023,2023-12-02,Journal,Journal of Climate Policy,2958-2431,Confirmed,NA,0,Full,95,USD,Dimensions,NA,NA,1,0,0,0,0,1,0,0
seerangan2023,2023-05,Journal,International Journal of Research Publication and Reviews,2582-7421,Provisional,NA,0,Full,20,USD,Dimensions,NA,NA,0,0,0,1,0,1,0,0
selvamuthu2023,2023-02-07,Journal,Journal of Internet Banking and Commerce,1204-5357,Confirmed,NA,0,Full,2200,USD,ProQuest; Scopus (discontinued); Dimensions,NA,NA,0,0,0,1,0,1,1,0
sengar2023,2023,Journal,International Journal of Academic Medicine and Pharmacy,2687-5365,Confirmed,NA,0,Full,15000,INR,Dimensions (discontinued); Embase,NA,NA,0,1,0,0,0,0,0,0
setiawan2023,2023-11-27,Journal,Frontiers in Psychology,1664-1078,Confirmed,Frontiers,1,Full,3495,USD,Web of Science; Scopus; Dimensions; PubMed Central; DOAJ; APA PsycInfo,NA,NA,1,0,0,0,0,0,0,0
sezan2023,2023-10-18,Journal,"Journal of Artificial Intelligence, Machine Learning and Neural Network",2799-1172,Confirmed,NA,0,None,NA,NA,Dimensions,NA,NA,1,0,0,0,0,1,0,0
shafiq2023,2023-10-24,Journal,IEEE Transactions on Consumer Electronics,1558-4127,Confirmed,IEEE,1,Hybrid,2345,USD,Web of Science; Inspec; Compendex; Scopus; Dimensions,NA,NA,0,0,1,0,0,0,0,0
shah2023,2023-09-15,Journal,International Educational Journal of Sciences and Engineering,2581-6195,Provisional,NA,0,Unknown,NA,NA,NA,NA,NA,1,0,0,0,0,1,0,0
shaheen2023,2023-05-29,Journal,Russian Law Journal,2309-8678,Confirmed,NA,0,None,NA,NA,Scopus (discontinued); Web of Science,NA,NA,0,1,0,0,0,0,0,0
shaieb2022,2022-12-01,Journal,International Journal of Advances Engineering and Civil Research,2974-4385,Confirmed,NA,0,Full,NA,NA,Dimensions,NA,NA,0,0,0,1,1,1,1,1
sharma2021,2021-07,Journal,Journal of Management & Entrepeneurship,2229-5348,Confirmed,NA,0,Unknown,NA,NA,NA,NA,NA,1,0,0,0,0,1,0,0
sharma2023,2023-11-14,Journal,Journal of Research Administration,2573-7104,Refers to different journal,NA,0,Unknown,NA,NA,NA,NA,NA,1,0,0,0,0,1,1,0
sharma2023a,2023-05-06,Journal,International Journal of New Media Studies,2394-4331,Confirmed,NA,0,Full,70,USD,NA,NA,NA,1,0,0,0,0,1,0,0
sharma2023b,2023,Journal,Madhya Bharti,0974-0066,Confirmed,NA,0,Unknown,NA,NA,NA,NA,NA,1,0,0,0,0,1,0,0
sharma2023d,2023-06,Journal,Korea Review of International Studies,1226-4741,Confirmed,NA,0,Unknown,NA,NA,NA,NA,NA,0,0,1,0,0,0,0,0
sharma2024,2024-05-15,Journal,Educational Administration: Theory and Practice,1300-4832,Confirmed,NA,0,Full,1000,USD,Dimensions; Scopus (discontinued),NA,NA,0,0,0,1,1,1,1,0
shaukat2023,2023,Journal,Russian Law Journal,2309-8678,Confirmed,NA,0,None,NA,NA,Scopus (discontinued); Web of Science,NA,NA,0,0,1,0,0,0,0,0
shen2021,2021-07-04,Journal,International Journal of Open Publication and Exploration,3006-2853,Confirmed,NA,0,Unknown,NA,NA,NA,NA,NA,1,0,0,0,0,1,0,0
sherefetdinova2023,2023-09-30,Journal,Research and Education,2181-3191,Confirmed,NA,0,Unknown,NA,NA,NA,NA,NA,0,0,1,0,0,0,0,0
shermatov2024,2024-04-18,Journal,Actual Problems of Humanities and Social Sciences,2181-1342,Confirmed,NA,0,Unknown,NA,NA,Dimensions,NA,NA,0,0,0,1,1,1,0,0
sheshadri2024,2024-03-07,Journal,Naturalista Campano,1827-7160,Confirmed,NA,0,Unknown,NA,NA,NA,NA,NA,0,0,1,0,0,0,0,0
shibghatullah2023,2023-09-27,Conference,Proceeding International Da'wah Conference,None,No ISSN,NA,0,NA,NA,NA,NA,NA,NA,0,0,0,1,0,1,0,1
shoukat2024,2024-03-04,Journal,PLoS One,1932-6203,Confirmed,PLoS,1,Full,2290,USD,Dimensions; Medline; PubMed Central; Embase; DOAJ; Scopus; Web of Science; APA PsycInfo,Retraction,2024-04-18,0,1,0,0,0,0,0,0
shree2020,2020-04-30,Journal,Turkish Journal of Computer and Mathematics Education,1309-4653,Confirmed,NA,0,Full,1295,USD,Dimensions; ProQuest,NA,NA,0,0,1,0,0,0,0,0
shreenevikha2023,2023-08-09,Journal,International Research Journal of Modernization in Engineering Technology and Science,2582-5208,Confirmed,NA,0,Full,23,USD,Dimensions,NA,NA,1,0,0,0,0,1,0,0
shrivastava2023,2023-12-23,Conference,International Conference on Advanced Computing & Communication Technologies,9798350380880,Confirmed,IEEE,1,NA,NA,NA,NA,NA,NA,1,0,0,0,0,1,0,1
shrivastava2023a,2023-05-17,Conference,IEEE Renewable Energy and Sustainable E-Mobility Conference,9798350311327,Confirmed,IEEE,1,NA,NA,NA,NA,NA,NA,0,0,0,1,0,1,0,0
shun2024,2024-01-01,Journal,Kurdish Studies,2051-4883,Confirmed,NA,0,Full,1099,USD,Web of Science; Scopus (discontinued); Dimensions,NA,NA,0,0,1,0,0,0,0,0
sihombing2023,2023-10-30,Journal,Jurnl Manajemen Pendidikan,1978-1938,Confirmed,NA,0,None,NA,NA,Dimensions,NA,NA,0,0,1,0,0,0,0,0
singh2023,2023-08-12,Journal,Multidisciplinary International Journal,2454-924X,Confirmed,NA,0,Unknown,NA,NA,NA,NA,NA,0,0,0,1,0,1,1,0
singh2024,2024-02-29,Journal,EPRA International Journal of Multidisciplinary Research,2455-3662,Confirmed,NA,0,Full,80,USD,Dimensions,NA,NA,1,0,0,0,0,1,0,1
singh2024a,2024-05-20,Journal,CINEFORUM,0009-7039,Refers to different journal,NA,0,Unknown,NA,NA,NA,NA,NA,1,0,0,0,0,1,0,0
singha2023,2023-09-29,Journal,Journal of Legal Studies and Research,2455-2437,Confirmed,NA,0,Full,50,USD,Dimensions,NA,NA,0,0,1,0,0,0,0,0
singhal2023,2023-06-13,Journal,International Journal of Management,0976-6502,Confirmed,NA,0,Full,400,USD,Dimensions; Scopus (discontinued),NA,NA,0,1,0,0,0,0,0,0
sirens2013,2013-07-16,Journal,International Journal of Open Publication and Exploration,3006-2853,Confirmed,NA,0,Unknown,NA,NA,NA,NA,NA,1,0,0,0,0,1,0,1
sit2017,2017-05-01,Journal,International Journal of Open Publication and Exploration,3006-2853,Confirmed,NA,0,Unknown,NA,NA,NA,NA,NA,1,0,0,0,0,1,0,1
sitinjak2024,2024-03-12,Journal,"Journal of Infrastructure, Policy and Development",2572-7931,Confirmed,NA,0,Full,1800,USD,Scopus; Dimensions,NA,NA,1,0,0,0,0,1,0,1
smita2024,2024-01,Journal,Engineering in Advanced Research Science and Technology,2350-0174,Refers to different journal,NA,0,Unknown,NA,NA,NA,NA,NA,1,0,0,0,0,1,1,0
sood2023,2023-04-10,Journal,Journal of Positive School Psychology,2717-7564,Refers to different journal,NA,0,Full,NA,NA,NA,NA,NA,0,1,0,0,0,0,0,0
soon2023,2023-07-10,Journal,Informative Journal of Management Sciences,2959-0191,Confirmed,NA,0,None,NA,NA,NA,NA,NA,0,0,1,0,0,0,0,0
soumena2023,2023-10-31,Journal,Jurnal Ar-Ribh,2714-6316,Confirmed,NA,0,Unknown,NA,NA,Dimensions,NA,NA,0,0,1,0,0,0,0,0
sreekanth2024,2024-02,Journal,Indian Journal of Technical Education,0971-3034,Refers to different journal,NA,0,Full,2500,INR,NA,NA,NA,1,0,0,0,0,1,0,0
sribhavani2024,2024-01-25,Journal,Journal of Clinical and Medical Research,2582-4333,Confirmed,NA,0,Full,1519,USD,Dimensions,NA,NA,0,0,1,0,0,0,0,0
srivastava2023,2023-08-28,Conference,National Webinar on Biodiversity and Conservation,978-93-90146-60-4,Confirmed,NA,0,NA,NA,NA,NA,NA,NA,1,0,0,0,0,1,1,1
srivastava2024,2024-02-19,Journal,International Journal of Science and Research,2319-7064,Confirmed,NA,0,Full,134,USD,Dimensions,NA,NA,1,0,0,0,0,1,0,0
sriyanto2023,2023-11-29,Journal,Jurnal Ekonomi,2721-9879,Confirmed,NA,0,Full,750000,IDR,NA,NA,NA,0,0,1,0,0,0,0,0
stanikzai2024,2024-02-28,Journal,International Journal of Business and Management Practices,3046-9252,Confirmed,NA,0,Full,300000,IDR,Dimensions,NA,NA,0,0,0,1,1,1,1,0
su2023,2023-09-01,Journal,Energy,0360-5442,Confirmed,Elsevier,1,Full,4140,USD,Web of Science; Scopus; Dimensions; Compendex; Inspec,NA,NA,0,0,1,0,0,0,0,0
suhasreddy2023,2023-05-25,Conference,"International Conference on Signal Processing, Computation, Electronics, Power and Telecommunication",9798350312126,Confirmed,IEEE,1,NA,NA,NA,NA,NA,NA,0,1,0,0,0,0,0,0
sulaeman2022,2022-06-06,Journal,Saksama,2986-4550,Confirmed,NA,0,None,NA,NA,Dimensions,NA,NA,0,1,0,0,0,0,0,0
sultan2021,2021-12-01,Journal,International Journal of Modern Agriculture and Environment,2974-4407,Confirmed,NA,0,Full,NA,NA,Dimensions,NA,NA,1,0,0,1,1,1,1,1
sumanth2023,2023-08-11,Journal,International Research Journal of Modernization in Engineering Technology and Science,2582-5208,Confirmed,NA,0,Full,23,USD,Dimensions,NA,NA,1,0,0,0,0,1,0,0
sumit2024,2024-03-15,Journal,Cluster Computing,1573-7543,Confirmed,Springer,1,Hybrid,2990,USD,Web of Science; Scopus; Dimensions; Compendex; Inspec; ProQuest,NA,NA,1,0,0,0,0,1,1,1
supriyadi2024,2024-01-31,Journal,Ilomata International Journal of Tax & Accounting,2714-9846,Confirmed,NA,0,Full,105,USD,Dimensions; DOAJ,NA,NA,1,0,0,0,0,1,0,0
suryakanta2023,2023-11-01,Conference,International Conference on Technological Advancements in Computational Sciences,9798350342338,Confirmed,IEEE,1,NA,NA,NA,NA,NA,NA,1,0,0,0,0,1,0,0
sutradhar2023,2023-11-16,Journal,Asian Journal of Social Sciences and Legal Studies,2707-4668,Confirmed,NA,0,Full,150,USD,Dimensions,NA,NA,1,0,0,0,0,1,0,0
swain2023,2023-10-02,Journal,IEEE Access,2169-3536,Confirmed,IEEE,1,Full,1995,USD,Scopus; Web of Science; Dimensions; DOAJ,NA,NA,1,0,0,0,0,1,0,0
swasti2024,2024-04-22,Journal,Acta Psychologia,2962-6080,Confirmed,NA,0,None,NA,NA,NA,NA,NA,0,0,0,1,1,1,0,0
swathi2024,2024-04-03,Journal,International Journal in Pharmaceutical Sciences,0975-4725,Confirmed,NA,0,Full,20,USD,NA,NA,NA,1,0,0,0,0,1,0,0
syailendra2023,2023-05,Journal,Jurnal Dinamika Hukum,2407-6562,Confirmed,NA,0,Full,1500000,IDR,Dimensions,NA,NA,1,0,0,0,0,1,0,0
t2023,2023-12-29,Journal,"International Journal of Case Studies in Business, IT and Education",2581-6942,Confirmed,NA,0,None,NA,NA,Dimensions,NA,NA,0,0,1,0,0,0,0,0
tabasum2023,2023-09-30,Journal,Mader e Milat International Journal of Nursing and Allied Sciences,2960-2181,Confirmed,NA,0,Full,150,USD,NA,NA,NA,1,0,0,0,0,1,0,0
talreja2023,2023-11-01,Journal,International Journal of Life Science and Pharma Research,2250-0480,Confirmed,NA,0,Full,200,USD,Dimensions,NA,NA,1,0,0,0,0,1,0,0
tamilselvi2023,2023-11-12,Conference,"International Conference on Electronics, Communication and Aerospace Technology",9798350340600,Confirmed,IEEE,1,NA,NA,NA,NA,NA,NA,1,0,0,0,0,1,1,0
tarafder2024,2024-07-22,Journal,World Journal of Microbiology and Biotechnology,1573-0972,Confirmed,Springer,1,Hybrid,3790,USD,Medline; Web of Science; Scopus; Dimensions; Compendex; ProQuest,NA,NA,1,0,0,0,0,1,0,0
tarla2023,2023-08-09,Journal,Physica Scripta,1402-4896,Confirmed,IOP,1,Full,2285,USD,Dimensions; Web of Science; Scopus; Inspec; Compendex; Astrophysics Data System,Retraction,2023-09-14,0,1,0,0,0,0,0,0
thippanna2023,2023-09-21,Journal,Asian Journal of Education and Social Studies,2581-6268,Provisional,NA,0,Full,500,USD,Dimensions,NA,NA,1,0,0,0,0,1,0,1
tiamat2023,2023-07-28,Journal,Migration Letters,1741-8992,Confirmed,NA,0,Full,800,USD,Scopus (discontinued); ProQuest,NA,NA,0,0,1,0,0,0,1,0
tolqinogli2023,2023-04-08,Journal,Web of Scientist,2776-0979,Refers to different journal,NA,0,Full,18,USD,NA,NA,NA,0,0,1,0,0,0,0,0
tsai2023,2023-03-04,Journal,Toxins,2072-6651,Confirmed,MDPI,1,Full,2700,CHF,Scopus; Embase; PubMed Central; Medline; Web of Science; DOAJ; OSTI; ProQuest,Corrigendum,2023-06-16,0,1,0,0,0,0,0,0
uchegbue2023,2023-12-04,Journal,"Caritas Journal of Management, Social Sciences and Humanities",None,No ISSN,NA,0,Unknown,NA,NA,NA,NA,NA,1,0,0,0,0,1,0,0
ullah2023,2023-12-30,Journal,Journal of Education and Social Studies,2789-8075,Confirmed,NA,0,Full,250,USD,Dimensions,NA,NA,1,0,0,0,0,1,0,1
umar2022,2022-06,Journal,FUTY Journal of the Environment,1597-8826,Confirmed,NA,0,Full,14000,NGN,Dimensions (discontinued),NA,NA,0,1,0,0,0,0,0,0
uwadia2024,2024-03-25,Journal,ESUT Journal of Social Sciences,None,No ISSN,NA,0,Full,130,USD,NA,NA,NA,0,0,1,0,0,0,0,0
v2023,2023-08-10,Conference,International Conference on Circuit Power and Computing Technologies,9798350333244,Confirmed,IEEE,1,NA,NA,NA,NA,NA,NA,0,0,0,1,0,1,1,0
vadher2023,2023-06-01,Journal,Korea Review of International Studies,1226-4741,Confirmed,NA,0,Unknown,NA,NA,NA,NA,NA,0,1,0,0,0,0,0,0
vadlapudi2024,2024-03-30,Journal,World Journal of Biology Pharmacy and Health Sciences,2582-5542,Confirmed,NA,0,Full,32,USD,Dimensions,NA,NA,1,0,0,0,0,1,0,0
vasoya2023,2023-06-22,Journal,Journal of Materials Science Research and Reviews,None,No ISSN,NA,0,Full,500,USD,NA,NA,NA,0,0,1,0,0,0,0,0
veinoglou2023,2023-06,Journal,Design Ecologies,2043-068X,Confirmed,NA,0,Hybrid,1500,GBP,Dimensions,NA,NA,0,1,0,0,0,0,0,0
velthuizen2023,2023-04-03,Journal,African Security Review,1024-6029,Confirmed,Taylor & Francis,1,Hybrid,3300,USD,Dimensions; Scopus; Web of Science,Stealth revision,NA,0,1,0,0,0,0,0,0
venkatasubbu2022,2022-09-14,Journal,Journal of Knowledge Learning and Science Technology,2959-6386,Confirmed,NA,0,Full,80,USD,Dimensions,NA,NA,0,0,1,0,0,0,0,0
verma2024,2024-01-15,Journal,Intelligent Pharmacy,2949-866X,Confirmed,Elsevier,1,Full,980,USD,Dimensions,NA,NA,1,0,0,0,0,1,0,0
vijay2023,2023-12-08,Journal,Journal of Legal Studies and Research,2455-2437,Confirmed,NA,0,Full,50,USD,Dimensions,NA,NA,1,0,0,0,0,1,0,0
vodnala2024,2024-03-30,Journal,GSC Biological and Pharmaceutical Sciences,2581-3250,Confirmed,NA,0,Full,32,USD,Dimensions,NA,NA,1,0,0,0,0,1,1,1
vyas2023,2023-05-07,Journal,International Journal of New Media Studies,2394-4331,Confirmed,NA,0,Full,70,USD,NA,NA,NA,1,0,0,0,0,1,1,1
vyas2024,2024,Journal,European Economic Letters,2323-5233,Confirmed,NA,0,Full,300,USD,Dimensions,NA,NA,1,0,0,0,0,1,0,0
waghmare2024,2024-02-10,Conference,National Conference on Recent Advancements in Science & Technology,978-81-19-93125-5,Confirmed,NA,0,NA,NA,NA,NA,NA,NA,1,0,0,0,0,1,0,0
wai2022,2022-07-30,Journal,"International Journal of Sports, Yoga and Physical Activity",3005-5083,Confirmed,NA,0,Full,NA,NA,NA,NA,NA,0,0,1,0,0,0,0,0
wang2015,2015-07-09,Journal,International Journal of Open Publication and Exploration,3006-2853,Confirmed,NA,0,Unknown,NA,NA,NA,NA,NA,1,0,0,0,0,1,0,1
wang2017,2017-07-04,Journal,International Journal of Open Publication and Exploration,3006-2853,Confirmed,NA,0,Unknown,NA,NA,NA,NA,NA,1,0,0,0,0,1,0,1
wang2024,2024-04-11,Conference,Asia Conference on Power and Electrical Engineering,9798350309638,Confirmed,IEEE,1,NA,NA,NA,NA,NA,NA,0,0,1,0,0,0,1,0
watanabe2024,2024-04-09,Journal,International Journal of Climatic Studies,2710-1061,Confirmed,NA,0,Full,150,USD,Dimensions,NA,NA,0,0,1,0,0,0,0,0
williams2021,2021-07-15,Journal,International Journal of Open Publication and Exploration,3006-2853,Confirmed,NA,0,Unknown,NA,NA,NA,NA,NA,1,0,0,0,0,1,0,0
wilson2024,2024-02-11,Journal,Asian Journal of Multidisciplinary Research & Review,2582-8088,Provisional,NA,0,Full,50,USD,NA,NA,NA,1,0,0,0,0,1,0,0
wu2016,2016-01-12,Journal,International Journal of Open Publication and Exploration,3006-2853,Confirmed,NA,0,Unknown,NA,NA,NA,NA,NA,1,0,0,0,0,1,1,1
xiao2023,2023-12,Conference,Priority Directions of Science and Education Development,978-601-08-3715-7,Confirmed,NA,0,NA,NA,NA,NA,NA,NA,0,0,1,0,0,0,0,0
yadav2023,2023-09-01,Journal,Urban Climate,2212-0955,Confirmed,Elsevier,1,Hybrid,3500,USD,Dimensions; Scopus; Web of Science,NA,NA,0,0,1,0,0,0,0,0
yadav2023a,2023-12-08,Conference,IEEE International Conference on ICT in Business Industry & Government,9798350343274,Confirmed,IEEE,1,NA,NA,NA,NA,NA,NA,0,0,1,0,0,0,0,0
yang2023,2023-08-03,Journal,Resources Policy,0301-4207,Confirmed,Elsevier,1,Hybrid,3530,USD,Scopus; Web of Science; Dimensions,Corrigendum,2023-12-01,0,0,0,1,0,1,0,0
yang2023a,2023-11-02,Conference,International Conference on Electronic Materials and Information Engineering,978-1-5106-7133-1,Confirmed,SPIE,1,NA,NA,NA,NA,NA,NA,0,1,0,0,0,0,0,0
yaswanth2023,2023-01-01,Journal,International Journal of Communication and Information Technology,2707-661X,Confirmed,NA,0,Full,55,USD,Dimensions,NA,NA,0,1,0,0,0,0,0,0
yingyu2022,2022-10-03,Journal,International Journal of Research and Review Techniques,3006-1075,Confirmed,NA,0,Unknown,NA,NA,NA,NA,NA,1,0,0,0,0,1,0,1
youssef2022,2022-12-01,Journal,International Journal of Humanities and Language Research,2785-9681,Confirmed,NA,0,Full,NA,NA,Dimensions,NA,NA,1,0,0,1,1,1,1,0
youssef2024,2024-01,Journal,Kurdish Studies,2051-4883,Confirmed,NA,0,Full,1099,USD,Web of Science; Scopus (discontinued); Dimensions,NA,NA,0,0,1,0,0,0,0,0
yuwei2023,2023-12-25,Journal,International Journal of Business Management and Visuals,3006-2705,Confirmed,NA,0,Full,NA,NA,NA,NA,NA,1,0,0,0,0,1,0,1
zafar2023,2023-11-30,Journal,Journal of Global Peace and Security Studies,2708-7786,Confirmed,NA,0,Full,100,USD,NA,NA,NA,0,0,1,0,0,0,0,0
zaib2024,2024-02-09,Journal,International Journal of Contemporary Issues in Social Sciences,2959-3808,Confirmed,NA,0,Full,150,USD,NA,NA,NA,1,0,0,0,0,1,0,1
zameer2024,2024-01-19,Journal,Migration Letters,1741-8992,Confirmed,NA,0,Full,800,USD,Scopus (discontinued); ProQuest,NA,NA,1,0,0,0,0,1,1,1
zargoun2024,2024-05-30,Journal,African Journal of Advanced Pure and Applied Sciences,2957-644X,Confirmed,NA,0,Full,90,USD,NA,NA,NA,0,0,0,0,1,1,0,0
zermaniamen2022,2022-12-01,Journal,International Journal of Advances Engineering and Civil Research,2974-4385,Confirmed,NA,0,Full,NA,NA,Dimensions,NA,NA,1,0,0,1,1,1,1,1
zhamankaraeva2023,2023-06-15,Journal,Journal of Actual Problems of Jurisprudence,1563-0366,Confirmed,NA,0,Full,14000,KZT,Dimensions; DOAJ,NA,NA,0,0,0,1,0,1,1,0
zhang2024,2024-02-17,Journal,Surface and Interfaces,2468-0230,Confirmed,Elsevier,1,Hybrid,2360,USD,Web of Science; Scopus; Dimensions,Retraction,2024-05-31,0,0,1,0,0,0,1,0
zhou2023,2023-08-25,Journal,Surface and Coatings Technology,0257-8972,Confirmed,Elsevier,1,Hybrid,3770,USD,Dimensions; Web of Science; Scopus,NA,NA,0,1,0,0,0,0,0,0
zhu2023,2023-05,Conference,"International Conference on Education, Knowledge and Information Management",978-1-63190-421-9,Confirmed,NA,0,NA,NA,NA,NA,NA,NA,0,1,0,0,0,0,0,0
zohuri2023,2023-08-29,Journal,Journal of Material Sciences & Manufacturing Research,2754-4915,Confirmed,NA,0,Full,3619,USD,Dimensions,NA,NA,1,0,0,0,0,1,0,0
zoirova2023,2023-11-30,Journal,Economic Development and Analysis,2992-877X,Confirmed,NA,0,Full,400000,UZS,Dimensions,NA,NA,0,0,1,0,0,0,1,0
